,ID,smiles,pCheMBL,Assay,Class
0,CHEMBL3657453,COc1ccc(OC)c(-c2ccc3c(c2)C2(CCO3)N=C(C)C(N)=N2)c1,5.44,ic,0
1,CHEMBL2152915,CO[C@H]1CC[C@]2(CC1)Cc1ccc(-c3cc(Cl)cc(C#N)c3)cc1C21N=C(C)C(N)=N1,8.8,ic,1
2,CHEMBL3913558,CO[C@H]1CC[C@]2(CC1)Cc1ccc(NC(=O)c3ncc(Br)cn3)cc1C21N=C(C)C(N)=N1,7.33,ic,1
3,CHEMBL3653692,CC1=NC2(N=C1N)c1cc(Br)ccc1CC21CCC(F)(F)CC1,5.75,ic,0
4,CHEMBL3902314,CO[C@H]1CC[C@]2(CC1)Cc1ccc(-c3cnc(C)c(Cl)c3)cc1[C@@]21N=C(C)C(N)=N1,8.23,ic,1
5,CHEMBL3653723,CC#Cc1cncc(-c2ccc3c(c2)C2(N=C(N)C(CC)=N2)[C@]2(CC[C@H](OC)CC2)C3)c1,5.0,ic,0
6,CHEMBL3653729,CC1=NC2(N=C1N)c1cc(Br)ccc1CC21CC1,4.79,ic,0
7,CHEMBL3936953,CO[C@H]1CC[C@]2(CC1)Cc1ccc(-c3cc(Br)cc(C#N)c3)cc1C21N=C(C)C(N)=N1,9.15,ic,1
8,CHEMBL3657420,COCc1cc(C#N)cc(-c2ccc3c(c2)C2(N=C(C)C(N)=N2)[C@]2(CC[C@H](OC)CC2)C3)c1,4.81,ic,0
9,CHEMBL3656150,CN1OC2(N=C1N)c1cc(Br)ccc1CC21CCc2ccccc2CC1,7.19,ic,1
10,CHEMBL3656156,COC1CCC2(CC1)Cc1ccc(-c3ccc4cc[nH]c4c3)cc1C21N=C(N)N(C)O1,6.9,ic,0
11,CHEMBL3959903,CCCO[C@H]1CC[C@]2(CC1)Cc1ccc(-c3cccc(OC)c3)cc1C21N=C(N)N(C)O1,6.34,ic,0
12,CHEMBL4074071,[2H]C1([2H])OC(N)=N[C@]12c1cc(-c3cccnc3)ccc1C[C@]21CC[C@@H](OC)CC1,8.15,ic,1
13,CHEMBL2152919,CC#Cc1cncc(-c2ccc3c(c2)C2(N=C(C)C(N)=N2)C2(CCC(OC)CC2)O3)c1,8.66,ic,1
14,CHEMBL3653712,CC1=NC2(N=C1N)c1cc(Br)ccc1CC21CCC1,5.18,ic,0
15,CHEMBL3963582,CCO[C@H]1CC[C@]2(CC1)Cc1ccc(-c3cc(F)cc(C#N)c3)cc1C21N=C(C)C(N)=N1,7.68,ic,1
16,CHEMBL3959439,CC1=NC2(N=C1N)c1cc(Br)ccc1C[C@]21CC[C@@H](OC(C)C)CC1,5.43,ic,0
17,CHEMBL3916194,CO[C@H]1CC[C@]2(CC1)Cc1cc(F)c(-c3cc(F)cc(C#N)c3)cc1[C@@]21N=C(C)C(N)=N1,7.89,ic,1
18,CHEMBL3656196,CCCc1ccc2c(c1)C1(N=C(N)N(C(C)C)C1=O)[C@]1(CC[C@H](OC)CC1)C2,7.26,ic,1
19,CHEMBL4100832,[2H]C1([2H])OC(N)=N[C@]12c1cc(-c3cc(C#N)cc(OC)c3)ccc1C[C@]21CC[C@@H](OC)CC1,8.54,ic,1
20,CHEMBL3656210,CCCCc1ccc2c(c1)C1(N=C(N)N(C(C)C)C1=O)[C@]1(CC[C@H](OC)CC1)C2,7.32,ic,1
21,CHEMBL3672720,CC1=NC2(N=C1N)c1cc(-c3cncc(Cl)c3)ccc1CCC21CC1,7.52,ic,1
22,CHEMBL3890867,CO[C@H]1CC[C@]2(CC1)Cc1ccc(-c3cc(Cl)cc(C#N)c3)cc1[C@@]21N=C(C)C(N)=N1,9.2,ic,1
23,CHEMBL3656129,COC1CCC2(CC1)Cc1ccc(-c3cc(F)cc(C#N)c3)cc1C21N=C(N)N(C)O1,8.23,ic,1
24,CHEMBL3984225,CCN1C(=O)C2(N=C1N)c1cc(-c3cccc(C#N)c3)ccc1CC21CCC(OC)CC1,8.14,ic,1
25,CHEMBL3653702,CC1=NC2(CC(C3CCCOC3)Oc3ccc(-c4cccc(Cl)c4)cc32)N=C1N,5.15,ic,0
26,CHEMBL2408786,CC#Cc1cncc(-c2ccc3c(c2)C2(C=C(F)C(N)=N2)[C@]2(CC[C@H](OC)CC2)C3)c1,10.51,ic,1
27,CHEMBL1164841,CCc1ccc(N2C(=O)Nc3ccc(Br)cc3C2(O)C(=O)NCc2ccccc2)cc1,4.0,ic,0
28,CHEMBL3926530,CN1C(=O)C2(N=C1N)c1cc(Br)ccc1CC21CCC(N(C)C)CC1,6.0,ic,0
29,CHEMBL3653726,CC#Cc1cncc(-c2ccc3c(c2)[C@@]2(N=C(C)C(N)=N2)[C@]2(CC[C@H](O)CC2)C3)c1,8.89,ic,1
30,CHEMBL3656276,COCCCOc1ccc2c(c1)C1(N=C(N)N(CC(F)F)C1=O)[C@]1(CC[C@H](OC)CC1)C2,8.21,ic,1
31,CHEMBL3937398,CO[C@H]1CC[C@]2(CC1)Cc1ccc(OCC3CC3)cc1[C@@]21N=C(C)C(N)=N1,8.43,ic,1
32,CHEMBL3673212,COC1CCC2(CC1)Cc1ccc(-c3cc(F)cc(Cl)c3)cc1C21N=C(N)N2CC(F)(F)CN=C21,8.3,ic,1
33,CHEMBL3656144,CCOC1CCC2(CC1)Cc1ccc(C#CC3CC3)cc1C21N=C(N)N(C)O1,7.68,ic,1
34,CHEMBL3941774,CO[C@H]1CC[C@]2(CC1)Cc1ccc(OCc3ccccc3)cc1C21N=C(N)N(C)O1,6.05,ic,0
35,CHEMBL4113818,COCC(C)N1C(=O)[C@]2(N=C1N)c1cc(CCC3CC3)ccc1CC21CCC(OC)CC1,6.32,ic,0
36,CHEMBL3639550,CN1OC2(N=C1N)c1cc(-c3ccc(F)c(Cl)c3)ccc1CC21CCc2ccccc2CC1,7.68,ic,1
37,CHEMBL4112515,CO[C@H]1CC[C@]2(CC1)Cc1ccc(Br)cc1[C@@]21N=C(C)C(N)=N1,6.79,ic,0
38,CHEMBL3979334,CO[C@H]1CC[C@]2(CC1)Cc1ccc(CC3CCCCC3)cc1C21N=C(N)N(C(C)C)C1=O,7.35,ic,1
39,CHEMBL3656137,COc1cc(Cl)cc(-c2ccc3c(c2)C2(N=C(N)N(C)C2=O)C2(CCC(OC)CC2)C3)c1,7.94,ic,1
40,CHEMBL3939963,CO[C@H]1CC[C@]2(CC1)Cc1ccc(OCCC3CC3)cc1C21N=C(C)C(N)=N1,8.43,ic,1
41,CHEMBL3924654,CO[C@H]1CC[C@]2(CC1)Cc1ccc(CCc3ccccc3)cc1C21N=C(N)N(C)O1,6.39,ic,0
42,CHEMBL3919032,CC#Cc1cncc(-c2ccc3c(c2)C2(N=C(C)C(N)=N2)[C@]2(CC[C@](C)(OC)CC2)C3)c1,7.29,ic,1
43,CHEMBL3892288,CN1C(=O)[C@@]2(N=C1N)c1cc(-c3cccnc3F)ccc1CC21CCc2ccccc2CC1,6.67,ic,0
44,CHEMBL3956888,Cc1noc2c1CC1(CC2)Cc2ccc(-c3cccc(C#N)c3)cc2C12N=C(N)N(C)O2,8.08,ic,1
45,CHEMBL3985071,CN(C)C(=O)C1=CCC2(CC1)Cc1ccc(-c3cccc(C#N)c3)cc1C21N=C(N)N(C)O1,5.43,ic,0
46,CHEMBL3937729,[C-]#[N+]c1cc(Cl)cc(-c2cc3c(cc2C)C[C@]2(CC[C@@H](OC)CC2)C32N=C(C)C(N)=N2)c1,7.62,ic,1
47,CHEMBL3672724,COc1cc(C#N)cc(-c2ccc3c(c2)C2(N=C(C)C(N)=N2)[C@]2(CC3)CC[C@H](OC)CC2)c1,6.23,ic,0
48,CHEMBL3672726,CO[C@H]1CC[C@]2(CCc3ccc(-c4cncc(Cl)c4)cc3C23N=C(C)C(N)=N3)CC1,6.48,ic,0
49,CHEMBL3656188,CCCN1C(=O)C2(N=C1N)c1cc(C#N)ccc1CC21CCC(OC)CC1,7.0,ic,0
50,CHEMBL3656202,CCc1ccc2c(c1)C1(N=C(N)N(C(C)C)C1=O)[C@]1(CC[C@H](OC)CC1)C2,6.7,ic,0
51,CHEMBL3656226,COCCN1C(=O)C2(N=C1N)c1cc(C3CC3)ccc1C[C@]21CC[C@@H](OC)CC1,6.76,ic,0
52,CHEMBL3653714,CC#Cc1cncc(-c2ccc3c(c2)C2(N=C(C)C(N)=N2)C2(CCC2)C3)c1,4.56,ic,0
53,CHEMBL3933883,CO[C@H]1CC[C@]2(CC1)Cc1ccc(-c3cncc(COCC(F)(F)F)c3)cc1C21N=C(C)C(N)=N1,7.18,ic,1
54,CHEMBL3955716,CO[C@H]1CC[C@]2(CC1)Cc1ccc(-c3cc(C#N)cc(C(F)F)c3)cc1[C@@]21N=C(C)C(N)=N1,8.82,ic,1
55,CHEMBL3894452,CO[C@H]1CC[C@]2(CC1)Cc1ccc(-c3cc(C#N)ccc3F)cc1[C@@]21N=C(C)C(N)=N1,8.48,ic,1
56,CHEMBL3972810,CCO[C@H]1CC[C@]2(CC1)Cc1ccc(-c3cncc(Cl)c3)cc1C21N=C(C)C(N)=N1,7.6,ic,1
57,CHEMBL3943546,COC1CCC2(CC1)Cc1ccc(-c3cncc(C#N)c3)cc1C21N=C(N)N(C(C)C)C1=O,7.91,ic,1
58,CHEMBL3903080,CC#Cc1cncc(-c2ccc3c(c2)C2(N=C(N)N(C(C)C)C2=O)C2(CCC(OC)CC2)C3)c1,7.94,ic,1
59,CHEMBL3965117,COC1CCC2(CC1)Cc1ccc(-c3cccc(Cl)c3)cc1C21N=C(N)N(C)C1=O,8.82,ic,1
60,CHEMBL3897052,COC1CCC2(CC1)Cc1ccc(-c3ccc(F)c(C#N)c3)cc1C21N=C(N)N(C)C1=O,8.59,ic,1
61,CHEMBL3905425,COC1CCC2(CC1)Cc1ccc(-c3cc(F)cc(C(F)(F)F)c3)cc1C21N=C(N)N(C)C1=O,6.7,ic,0
62,CHEMBL3939252,COC1CCC2(CC1)Cc1ccc(-c3cncc(C(F)(F)F)c3)cc1C21N=C(N)N(C2CC2)C1=O,7.14,ic,1
63,CHEMBL3657456,COc1ccc(F)cc1-c1ccc2c(c1)C1(CCO2)N=C(C)C(N)=N1,4.79,ic,0
64,CHEMBL3657459,CC1=NC2(CCOc3ccc(-c4cc(C)ccc4F)cc32)N=C1N,5.7,ic,0
65,CHEMBL3656131,CN1OC2(N=C1N)c1cc(-c3cc(Cl)cc(C#N)c3)ccc1CC21CCc2ccccc2CC1,8.13,ic,1
66,CHEMBL3656136,CN1OC2(N=C1N)c1cc(-c3cc(F)cc(Cl)c3)ccc1CC21CCc2ccccc2CC1,7.95,ic,1
67,CHEMBL3656146,COc1cc(Cl)cc(-c2ccc3c(c2)C2(N=C(N)N(C)O2)C2(CCc4ccccc4CC2)C3)c1,7.42,ic,1
68,CHEMBL3656170,CN1OC2(N=C1N)c1cc(-c3cccc(C#N)c3)ccc1CC21CCOCC1,6.33,ic,0
69,CHEMBL3656177,COC1CCC2(CC1)Cc1ccc(-c3cccnc3)cc1C21CC(=O)N(C)C(N)=N1,5.81,ic,0
70,CHEMBL3899749,COC1CCC2(CC1)Cc1ccc(Br)cc1C21N=C(N)N(C)O1,6.86,ic,0
71,CHEMBL3962707,CN1OC2(N=C1N)c1cc(C#CC3CC3)ccc1CC21CCC(OC(F)F)CC1,8.62,ic,1
72,CHEMBL3922947,COc1cncc(-c2ccc3c(c2)C2(N=C(N)N(C)O2)C2(CCC(OC)CC2)C3)n1,6.71,ic,0
73,CHEMBL3906436,COC1CCC2(CC1)Cc1ccc(-c3cncs3)cc1C21N=C(N)N(C)O1,7.12,ic,1
74,CHEMBL3956333,COC1CCC2(CC1)Cc1ccc(-c3cccc(C#N)c3)cc1C21N=C(N)N(C(C)C)C1=O,7.52,ic,1
75,CHEMBL3925677,COC1CCC2(CC1)Cc1ccc(-c3cccc(S(C)(=O)=O)c3)cc1C21N=C(N)N(C(C)C)C1=O,7.08,ic,1
76,CHEMBL3963104,CN1C(=O)C2(N=C1N)c1cc(Br)ccc1CC21CCC(Cc2ccccc2)CC1,6.2,ic,0
77,CHEMBL3985554,Cc1noc2c1CC1(CC2)Cc2ccc(Br)cc2C12N=C(N)N(C)O2,6.68,ic,0
78,CHEMBL4108517,CN1OC2(N=C1N)c1cc(Br)ccc1C[C@@]21C[C@@H]1c1ccccc1,5.01,ic,0
79,CHEMBL3656154,CN1OC2(N=C1N)c1ccccc1CC21CCc2ccccc2CC1,6.98,ic,0
80,CHEMBL2152921,CO[C@H]1CC[C@]2(CC1)Cc1ccc(-c3cc(Cl)c(F)c(C#N)c3)cc1C21N=C(C)C(N)=N1,9.14,ic,1
81,CHEMBL2152914,CC#Cc1cncc(-c2ccc3c(c2)C2(N=C(C)C(N)=N2)[C@]2(CC[C@H](OC)CC2)C3)c1,9.55,ic,1
82,CHEMBL3656183,CN1OC2(CC3(CCOCC3)c3ccc(-c4cccc(C#N)c4)cc32)N=C1N,5.33,ic,0
83,CHEMBL3969469,COCCN1C(=O)C2(N=C1N)c1cc(-c3cncc(F)c3)ccc1CC21CCc2ccccc2CC1,8.09,ic,1
84,CHEMBL3969581,CO[C@H]1CC[C@]2(CC1)Cc1ccc(-c3ccc(C#N)s3)cc1C21N=C(N)N(C(C)C)C1=O,6.26,ic,0
85,CHEMBL3923832,CO[C@H]1CC[C@]2(CC1)Cc1ccc(OCC3CCCO3)cc1C21N=C(N)N(CC(F)F)C1=O,7.51,ic,1
86,CHEMBL3968709,COC1CCC2(CC1)Cc1ccc(-c3cccnc3F)cc1C21N=C(N)N(C)C1=O,8.54,ic,1
87,CHEMBL3973282,COC1CCC2(CC1)Cc1ccc(Br)cc1C21CN(CC(F)(F)F)C(N)=N1,5.36,ic,0
88,CHEMBL3953078,CN1OC2(N=C1N)c1cc(-c3cccc(C#N)c3)ccc1CC21Cc2cnncc2C1,5.61,ic,0
89,CHEMBL3902640,CO[C@H]1CC[C@]2(CC1)Cc1cc(F)c(-c3cc(Cl)cc(C#N)c3)cc1[C@@]21N=C(C)C(N)=N1,8.62,ic,1
90,CHEMBL3907808,CO[C@H]1CC[C@]2(CC1)Cc1ccc(C(C)C)cc1C21N=C(N)N(C(C)C)C1=O,6.83,ic,0
91,CHEMBL3900965,CO[C@@H]1[C@@H](C)CC2(Cc3ccc(Br)cc3[C@@]23N=C(C)C(N)=N3)C[C@H]1C,8.4,ic,1
92,CHEMBL3898116,CO[C@H]1CC[C@@]2(Cc3ccc(Br)cc3C23N=C(C)C(N)=N3)C[C@@H]1C,7.79,ic,1
93,CHEMBL3982128,CN1OC2(N=C1N)c1cc(-c3ccc(Br)cc3)ccc1CC21CCC(Cc2ccccc2)CC1,5.64,ic,0
94,CHEMBL3894131,COC1CCC2(CC1)Cc1ccc(-c3cccc(Cl)c3)cc1C21N=C(N)N(C(C)C)C1=O,7.44,ic,1
95,CHEMBL3957536,CN1C(=O)C2(N=C1N)c1cc(-c3cccc(C#N)c3)ccc1C[C@]21CC[C@@H](N(C)C)CC1,4.87,ic,0
96,CHEMBL3921657,CC(C)N1C(=O)C2(N=C1N)c1cc(-c3cncc(C(F)(F)F)c3)ccc1C[C@]21CC[C@@H](OC(F)F)CC1,7.45,ic,1
97,CHEMBL3656166,CN1OC2(N=C1N)c1cc(-c3cccc(C#N)c3)ccc1CC21C=CC(c2ccccc2)C1,6.29,ic,0
98,CHEMBL3656128,COc1cc(Cl)cc(-c2ccc3c(c2)C2(N=C(N)N(C)O2)C2(CCC(OC)CC2)C3)c1,8.23,ic,1
99,CHEMBL3942229,COCCN1C(=O)C2(N=C1N)c1cc(C#CC3CC3)ccc1CC21CCC(OC)CC1,8.04,ic,1
100,CHEMBL4106794,CO[C@H]1CC[C@]2(CC1)Cc1ccc(-c3cc(F)cc(C#N)c3)cc1[C@@]21N=C(C)C(N)=N1,7.64,ic,1
101,CHEMBL4108386,CO[C@H]1CC[C@]2(CC1)Cc1ccc(OCCC(F)(F)F)cc1[C@]21N=C(C)C(N)=N1,5.8,ic,0
102,CHEMBL3672727,CC#Cc1cncc(-c2ccc3c(c2)C2(N=C(C)C(N)=N2)[C@]2(CC3)CC[C@H](OC)CC2)c1,6.67,ic,0
103,CHEMBL3672730,COC1CCC2(CCc3ccc(-c4cc(Cl)cc(C#N)c4)cc3C23N=C(C)C(N)=N3)CC1,8.24,ic,1
104,CHEMBL3889964,CO[C@H]1CC[C@]2(CC1)Cc1ccc(C(C)C)cc1C21N=C(N)N(C)O1,6.84,ic,0
105,CHEMBL3673213,COC1CCC2(CC1)Cc1ccc(-c3cc(F)cc(Cl)c3)cc1C21N=C(N)N2CC(C)(C)CN=C21,5.55,ic,0
106,CHEMBL3961810,CN1OC2(N=C1N)c1cc(-c3cccc(C#N)c3)ccc1CC21CCS(=O)(=O)CC1,6.16,ic,0
107,CHEMBL4109522,Cc1nn(C)c2c1CC1(CC2)Cc2ccc(-c3cc(F)cc(Cl)c3)cc2C12N=C(N)N(C)O2,7.17,ic,1
108,CHEMBL3983379,CO[C@H]1CC[C@]2(CC1)Cc1ccc(NC(=O)c3ccc(C(F)(F)F)cn3)cc1C21N=C(C)C(N)=N1,7.47,ic,1
109,CHEMBL3656130,COC1CCC2(CC1)Cc1ccc(-c3cccc(OC(F)(F)F)c3)cc1C21N=C(N)N(C)O1,8.15,ic,1
110,CHEMBL3961260,CO[C@H]1CC[C@]2(CC1)Cc1ccc(Cl)cc1C21N=C(N)N(C(C)C)C1=O,6.77,ic,0
111,CHEMBL3923021,CO[C@H]1CC[C@]2(CC1)Cc1ccc(C#N)cc1C21N=C(N)N(C)O1,6.8,ic,0
112,CHEMBL1165280,CCc1ccc(N2C(=O)Nc3ccc(Br)cc3C2(O)C(=O)NCC(C)CN2CCC(C)CC2)cc1,4.0,ic,0
113,CHEMBL4113698,Cc1nn(C)c2c1CC1(CC2)Cc2ccc(Br)cc2C12N=C(N)N(C)O2,5.82,ic,0
114,CHEMBL3672725,CO[C@H]1CC[C@@]2(CCc3ccc(-c4cncc(Cl)c4)cc3C23N=C(C)C(N)=N3)CC1,7.85,ic,1
115,CHEMBL4107165,CN1C(=O)[C@]2(N=C1N)c1cc(-c3cccnc3F)ccc1CC21CCc2ccccc2CC1,8.47,ic,1
116,CHEMBL2408787,CO[C@H]1CC[C@]2(CC1)Cc1ccc(-c3cncnc3)cc1C21C=C(F)C(N)=N1,8.96,ic,1
117,CHEMBL3986744,CO[C@H]1CC[C@]2(CC1)Cc1ccc(-c3cccc(Cl)c3Cl)cc1[C@@]21N=C(C)C(N)=N1,7.19,ic,1
118,CHEMBL3922159,COC1CCC2(CC1)Cc1ccc(CCC3CC3)cc1[C@]21N=C(N)N([C@@H](C)c2ccccc2)C1=O,7.01,ic,1
119,CHEMBL2152920,CCC#Cc1cncc(-c2ccc3c(c2)C2(N=C(C)C(N)=N2)[C@]2(CC[C@H](OC)CC2)C3)c1,8.64,ic,1
120,CHEMBL3657432,COc1cc(-c2ccc3c(c2)C2(N=C(C)C(N)=N2)[C@]2(CC[C@H](OC(F)F)CC2)C3)cc(C#N)c1F,7.62,ic,1
121,CHEMBL2408784,CC1(C)Cc2ccc(-c3cncnc3)cc2C12C=C(F)C(N)=N2,6.78,ic,0
122,CHEMBL2408785,CC#Cc1cncc(-c2ccc3c(c2)C2(C=C(F)C(N)=N2)[C@]2(CC[C@@H](OC)CC2)C3)c1,8.96,ic,1
123,CHEMBL3656204,CCc1ccc2c(c1)C1(N=C(N)N(C)O1)[C@]1(CC[C@H](OC)CC1)C2,6.28,ic,0
124,CHEMBL3944485,COC1CCC2(CC1)Cc1ccc(-c3cccnc3)cc1C21N=C(N)N(Cc2ccccc2)C1=O,7.87,ic,1
125,CHEMBL3656158,CN1OC2(N=C1N)c1cc(-c3cccc(C(F)(F)F)c3)ccc1CC21CCc2ccccc2CC1,6.8,ic,0
126,CHEMBL3972526,CO[C@H]1CC[C@]2(CC1)Cc1ccc(-n3ccccc3=O)cc1C21N=C(N)N(C)C1=O,6.34,ic,0
127,CHEMBL3983234,CO[C@H]1CC[C@]2(CC1)Cc1ccc(Oc3ccc(Cl)cc3)cc1C21N=C(N)N(C)O1,6.98,ic,0
128,CHEMBL3653657,CC1=NC2(CCOc3ccc(-c4cc(Cl)cc(Cl)c4)cc32)N=C1N,6.8,ic,0
129,CHEMBL3653701,CC1=NC2(CC(C3CCCOC3)Oc3ccc(Br)cc32)N=C1N,5.09,ic,0
130,CHEMBL3922583,COC1CCC2(CC1)Cc1ccc(O)cc1C21N=C(N)N(C)O1,5.29,ic,0
131,CHEMBL3909292,COC1CCC2(CC1)Cc1ccc(-c3cccnn3)cc1C21N=C(N)N(C)O1,6.64,ic,0
132,CHEMBL3983783,COC1CCC2(CC1)Cc1ccc(OCC3CC3)cc1C21N=C(N)N(C)O1,7.84,ic,1
133,CHEMBL3933588,COC1CCC2(CC1)Cc1cc(F)ccc1C21N=C(N)N(C)C1=O,6.08,ic,0
134,CHEMBL4112651,CO[C@H]1CC[C@]2(CC1)Cc1ccc(C#CC3CCC3)cc1[C@]21N=C(C)C(N)=N1,8.57,ic,1
135,CHEMBL3977008,CN1OC2(N=C1N)c1cc(C3CC3)ccc1CC21CCc2ccccc2CC1,6.89,ic,0
136,CHEMBL3653721,CCC1=NC2(N=C1N)c1cc(Br)ccc1C[C@]21CC[C@@H](OC)CC1,6.4,ic,0
137,CHEMBL3985866,CN1C(=O)C2(N=C1N)c1cc(-c3cccnc3)ccc1CC21CCc2ccccc2CC1,8.85,ic,1
138,CHEMBL3673209,COC1CCC2(CC1)Cc1ccc(-c3cc(F)cc(Cl)c3)cc1C21N=C(N)N2CCCN=C21,8.02,ic,1
139,CHEMBL3984088,CC1=NC2(N=C1N)c1cc(OCCCF)ccc1C[C@]21CC[C@@H](OC(C)C)CC1,6.6,ic,0
140,CHEMBL3891320,CO[C@H]1CC[C@]2(CC1)Cc1ccc(O)cc1[C@@]21N=C(C)C(N)=N1,5.89,ic,0
141,CHEMBL3939410,CO[C@H]1CC[C@]2(CC1)Cc1ccc(-c3cncc(C(F)(F)F)c3)cc1[C@@]21N=C(C)C(N)=N1,8.68,ic,1
142,CHEMBL3657443,COCc1cc(-c2ccc3c(c2)C2(N=C(C)C(N)=N2)[C@]2(CC[C@H](OC)CC2)C3)cc(C#N)c1F,7.47,ic,1
143,CHEMBL3657444,CC1=NC2(N=C1N)c1cc(Br)ccc1CC21CCC(C(F)F)CC1,5.58,ic,0
144,CHEMBL3926971,CCO[C@H]1CC[C@]2(CC1)Cc1ccc(-c3cncc(C(F)(F)F)c3)cc1C21N=C(C)C(N)=N1,7.36,ic,1
145,CHEMBL3927880,CN1OC2(N=C1N)c1cc(-c3cccnn3)ccc1CC21CCc2ccccc2CC1,7.25,ic,1
146,CHEMBL3952092,CN1OC2(N=C1N)c1cc(-c3ccnnc3)ccc1CC21CCc2ccccc2CC1,7.37,ic,1
147,CHEMBL3914405,CCN1C(=O)C2(N=C1N)c1cc(-c3cccc(Cl)c3)ccc1CC21CCC(OC)CC1,8.09,ic,1
148,CHEMBL3953190,COC1CCC2(CC1)Cc1ccc(-c3cncs3)cc1C21N=C(N)N(Cc2ccccc2)C1=O,7.89,ic,1
149,CHEMBL3912104,COC1CCC2(CC1)Cc1ccc(-c3cncc(C(F)(F)F)c3)cc1C21N=C(N)N(C(C)C)C1=O,7.91,ic,1
150,CHEMBL4113458,COC1CCC2(CC1)Cc1ccc(-c3cncc(C(F)(F)F)c3)cc1[C@]21N=C(N)N(C(C)C)C1=O,8.32,ic,1
151,CHEMBL3925451,CC#Cc1csc(-c2ccc3c(c2)C2(N=C(N)N(C(C)C)C2=O)C2(CCC(OC)CC2)C3)c1,7.69,ic,1
152,CHEMBL3945502,CC#Cc1csc(-c2ccc3c(c2)C2(N=C(N)N(C(C)C)C2=O)C2(CCC(OC)CC2)C3)n1,7.25,ic,1
153,CHEMBL3982658,COC1CCC2(CC1)Cc1ccc(-c3ccnnc3)cc1C21N=C(N)N(C)O1,6.81,ic,0
154,CHEMBL3952823,CO[C@H]1CC[C@]2(CC1)Cc1ccc(-c3cncc(C(F)F)c3)cc1C21N=C(C)C(N)=N1,7.57,ic,1
155,CHEMBL3977074,[C-]#[N+]c1ccc2c(c1)[C@@]1(N=C(C)C(N)=N1)[C@]1(C2)C[C@H](C)[C@@H](OC)[C@H](C)C1,8.46,ic,1
156,CHEMBL3930721,[C-]#[N+]c1cncc(-c2ccc3c(c2)C2(N=C(N)N(CC(F)(F)F)C2=O)C2(CCC(OC)CC2)C3)c1,7.65,ic,1
157,CHEMBL3946731,COC1CCC2(CC1)Cc1ccc(C3=CC(O)CC3)cc1C21N=C(N)N(C)C1=O,7.48,ic,1
158,CHEMBL3672704,CC#Cc1cncc(-c2ccc3c(c2)[C@]2(N=C(C)C(N)=N2)[C@]2(CC[C@H](O)CC2)C3)c1,5.18,ic,0
159,CHEMBL3672728,CC#Cc1cncc(-c2ccc3c(c2)C2(N=C(C)C(N)=N2)[C@]2(CC3)CC[C@@H](OC)CC2)c1,7.72,ic,1
160,CHEMBL3936918,COCCN1C(=O)[C@@]2(N=C1N)c1cc(C#CC3CC3)ccc1C[C@]21CC[C@@H](OC)CC1,6.74,ic,0
161,CHEMBL3917982,CO[C@H]1CC[C@]2(CC1)Cc1ccc(CCc3ccccc3)cc1C21N=C(N)N(C(C)C)C1=O,6.73,ic,0
162,CHEMBL3652434,COC1CCC2(CC1)Cc1ccc(-c3cccc(Cl)c3)cc1C21N=C(N)N(C)O1,8.35,ic,1
163,CHEMBL3890041,CO[C@H]1CC[C@]2(CC1)Cc1ccc(Br)cc1[C@]21N=C(N)N(C)C1=O,7.8,ic,1
164,CHEMBL3656218,COc1cccc(-c2ccc3c(c2)C2(N=C(N)N(C)O2)[C@]2(CC[C@](C)(O)CC2)C3)c1,6.06,ic,0
165,CHEMBL3656185,CCOC1CCC2(CC1)Cc1ccc(-c3cccc(C#N)c3)cc1C21N=C(N)N(C)O1,6.36,ic,0
166,CHEMBL3652431,COC1CCC2(CC1)Cc1ccc(-c3cc(Cl)cc(C#N)c3)cc1C21N=C(N)N(C)O1,8.46,ic,1
167,CHEMBL3653722,CCC1=NC2(N=C1N)c1cc(-c3cncc(Cl)c3)ccc1C[C@]21CC[C@@H](OC)CC1,8.54,ic,1
168,CHEMBL3957561,CC#Cc1cccc(-c2ccc3c(c2)C2(N=C(C)C(N)=N2)[C@]2(CC[C@H](OC)CC2)C3)c1Cl,6.72,ic,0
169,CHEMBL3954507,COC1CCC2(CC1)Cc1ccc(Br)cc1C21N=C(N)N(C2CC2)C1=O,6.46,ic,0
170,CHEMBL3975328,COC1CCC2(CC1)Cc1ccc(OCC(F)(F)F)cc1C21N=C(N)N(C(C)C)O1,7.25,ic,1
171,CHEMBL3928355,CN1OC2(N=C1N)c1cc(C#CC3CC3)ccc1CC21CCc2ccccc2CC1,8.08,ic,1
172,CHEMBL3937468,CO[C@H]1CC[C@]2(CC1)Cc1ccc(-c3cncc(F)c3)cc1C21N=C(C)C(N)=N1,8.26,ic,1
173,CHEMBL3922553,CO[C@H]1CC[C@]2(CC1)Cc1ccc(NC(=O)c3oc4cc(Cl)ccc4c3C)cc1C21N=C(C)C(N)=N1,7.77,ic,1
174,CHEMBL3983050,COCCN1C(=O)C2(C=C1N)c1cc(C3CC3)ccc1C[C@]21CC[C@@H](OC)CC1,6.76,ic,0
175,CHEMBL3949349,CO[C@H]1CC[C@]2(CC1)Cc1ccc(Br)cc1[C@@]21N=C(N)N(Cc2cnccn2)C1=O,5.67,ic,0
176,CHEMBL3672717,CC1=NC2(N=C1N)c1cc(Br)ccc1CCC21CC1,5.31,ic,0
177,CHEMBL3672722,CO[C@H]1CC[C@]2(CCc3ccc(Br)cc3C23N=C(C)C(N)=N3)CC1,5.05,ic,0
178,CHEMBL3955354,COc1cc(Cl)cc(-c2ccc3c(c2)C2(C=C(N)N(C)C2=O)C2(CCC(OC)CC2)C3)c1,7.94,ic,1
179,CHEMBL3976150,COCCN1C(=O)C2(N=C1N)c1cc(-c3cccc(C#N)c3)ccc1CC21CCC(OC)CC1,8.13,ic,1
180,CHEMBL3915086,COCCN1C(=O)C2(N=C1N)c1cc(C#N)ccc1CC21CCC(OC)CC1,7.31,ic,1
181,CHEMBL3936117,COC1CCC2(CC1)Cc1ccc(C#CC(C)(C)C)cc1C21N=C(N)N(C)O1,7.61,ic,1
182,CHEMBL3947870,COC1CCC2(CC1)Cc1ccc(-c3cncc(C(F)(F)F)c3)cc1C21N=C(N)N(C)C1=O,8.55,ic,1
183,CHEMBL3929329,COC1CCC2(CC1)Cc1ccc(-c3cccc(S(C)(=O)=O)c3)cc1C21N=C(N)N(C)C1=O,7.39,ic,1
184,CHEMBL3926386,COC1CCC2(CC1)Cc1ccc(C(O)C(F)(F)F)cc1C21N=C(N)N(C)C1=O,5.65,ic,0
185,CHEMBL3916104,CN1C(=O)C2(N=C1N)c1cc(-c3cccnc3F)ccc1CC21CCc2ccccc2CC1,8.17,ic,1
186,CHEMBL3969552,CO[C@H]1CC[C@]2(CC1)Cc1ccc(CC(C)C)cc1C21N=C(N)N(C)O1,7.14,ic,1
187,CHEMBL3896298,COc1ccc(COc2ccc3c(c2)C2(N=C(N)N(C)O2)[C@]2(CC[C@H](OC)CC2)C3)cc1,6.09,ic,0
188,CHEMBL3943370,[C-]#[N+]c1cccc(-c2ccc3c(c2)C2(N=C(N)N(C)O2)C2(CCC(Cc4ccccc4)CC2)C3)c1,5.46,ic,0
189,CHEMBL3945730,COC1CCC2(CC1)Cc1ccc(Br)cc1C21N=C(N)N(C(C)C)C1=O,6.98,ic,0
190,CHEMBL3978356,COC1CCC2(CC1)Cc1ccc(C(F)(F)F)cc1C21N=C(N)N(C)C1=O,6.49,ic,0
191,CHEMBL3653700,CC1=NC2(CC3(CCCOC3)Oc3ccc(-c4ccc(F)c(Cl)c4)cc32)N=C1N,6.75,ic,0
192,CHEMBL3653703,CC1=N[C@]2(C[C@@H]([C@@H]3CCCOC3)Oc3ccc(-c4cccc(Cl)c4)cc32)N=C1N,5.69,ic,0
193,CHEMBL3904970,CC#Cc1cncc(-c2ccc3c(c2)C2(N=C(C)C(N)=N2)[C@]2(CC[C@H](OC)CC2)C3)c1C,7.05,ic,1
194,CHEMBL3911980,COC1CCC2(CC1)Cc1ccc(-c3cncc(Cl)c3)cc1C21N=C(N)N(C(C)C)C1=O,8.05,ic,1
195,CHEMBL2152918,CO[C@H]1CC[C@]2(CC1)Cc1ccc(-c3cncc(Br)c3)cc1C21N=C(C)C(N)=N1,9.14,ic,1
196,CHEMBL3673214,CCC1CN=C2N(C1)C(N)=NC21c2cc(-c3cc(F)cc(Cl)c3)ccc2CC12CCC(OC)CC2,8.12,ic,1
197,CHEMBL3945110,CO[C@H]1CC[C@]2(CC1)Cc1ccc(C#CC(C)C)cc1C21N=C(C)C(N)=N1,5.44,ic,0
198,CHEMBL3959097,CO[C@H]1CC[C@]2(CC1)Cc1ccc(OCCC(F)(F)F)cc1C21N=C(C)C(N)=N1,6.28,ic,0
199,CHEMBL3672696,CC1=N[C@@]2(N=C1N)c1cc(OCCCF)ccc1C[C@]21CC[C@@H](OC(F)F)CC1,5.54,ic,0
200,CHEMBL3972463,CO[C@H]1CC[C@]2(CC1)Cc1ccc(-c3cncc(C)c3)cc1[C@@]21N=C(C)C(N)=N1,7.68,ic,1
201,CHEMBL3980807,COC1CCC2(CC1)Cc1ccc(-c3cc(F)cc(Cl)c3)cc1C21C=C(N)N(C)C1=O,7.96,ic,1
202,CHEMBL3656171,COC1CCC2(CCc3ccc(-c4cccc(C#N)c4)cc3C23N=C(N)N(C)O3)CC1,6.3,ic,0
203,CHEMBL3672698,CC1=N[C@]2(N=C1N)c1cc(-c3cc(Cl)cc(C#N)c3)ccc1C[C@]21CC[C@@H](O)CC1,8.49,ic,1
204,CHEMBL3672688,CC1=N[C@@]2(N=C1N)c1cc(Br)ccc1C[C@]21CC[C@@H](O)CC1,6.57,ic,0
205,CHEMBL3913223,CC#Cc1cncc(-c2cc3c(cc2C)C[C@]2(CC[C@@H](OC)CC2)C32N=C(C)C(N)=N2)c1,7.82,ic,1
206,CHEMBL3656141,COC1CCC2(CC1)Cc1ccc(-c3cccc(C(F)(F)F)c3)cc1C21N=C(N)N(C)O1,7.73,ic,1
207,CHEMBL3656178,CN1O[C@]2(N=C1N)c1cc(-c3cccc(C#N)c3)ccc1C[C@]21CCc2ccccc2C1,5.73,ic,0
208,CHEMBL3897179,CN1OC2(C=C1N)c1cc(-c3cccc(C#N)c3)ccc1CCC21CCc2ccccc2CC1,5.3,ic,0
209,CHEMBL3910301,CO[C@H]1CC[C@]2(CC1)Cc1ccc(CC3CCCCC3)cc1C21N=C(N)N(C)O1,7.12,ic,1
210,CHEMBL3656161,COC1CCC2(CC1)Cc1ccc(-c3cc(F)cc(Cl)c3)cc1C21CC(=O)N(C)C(N)=N1,6.76,ic,0
211,CHEMBL3897128,CC(C)N1C(=O)C2(N=C1N)c1cc(-c3cncc(C(F)(F)F)c3)ccc1C[C@]21CC[C@@H](OC(N)F)CC1,7.74,ic,1
212,CHEMBL3918966,[C-]#[N+]c1cccc(-c2ccc3c(c2)C2(N=C(N)N(C)O2)C2(CCC(NCC(F)(F)F)CC2)C3)c1,5.41,ic,0
213,CHEMBL3985518,COc1ccc(F)c(-c2ccc3c(c2)[C@@]2(N=C(C)C(N)=N2)[C@]2(CC[C@H](OC)CC2)C3)c1,8.82,ic,1
214,CHEMBL3652430,COC1CCC2(CC1)Cc1ccc(-c3cc(F)cc(Cl)c3)cc1C21N=C(N)N(C)O1,8.59,ic,1
215,CHEMBL3656175,CO[C@H]1CC2(Cc3ccc(-c4cccc(C#N)c4)cc3C23N=C(N)N(C)O3)C[C@H]1OC,5.39,ic,0
216,CHEMBL3989948,CC#Cc1cncc(-c2ccc3c(c2)[C@@]2(N=C(C)C(N)=N2)[C@]2(CC[C@H](OC)CC2)C3)c1,8.92,ic,1
217,CHEMBL3657429,COc1cc(C#N)cc(-c2ccc3c(c2)[C@@]2(N=C(C)C(N)=N2)[C@]2(CC[C@H](OC(F)F)CC2)C3)c1,9.0,ic,1
218,CHEMBL3653658,CC1=NC2(CCOc3ccc(-c4cncc(Cl)c4)cc32)N=C1N,6.13,ic,0
219,CHEMBL3893673,[C-]#[N+]c1ccc2c(c1)[C@@]1(N=C(C)C(N)=N1)[C@]1(C2)C[C@H](C)[C@@H](O)[C@H](C)C1,7.43,ic,1
220,CHEMBL3672708,COC1CCC2(CC1)Cc1cc(F)c(Br)cc1C21N=C(C)C(N)=N1,6.29,ic,0
221,CHEMBL3935455,COC(=O)c1cccc(CN2C(=O)C3(N=C2N)c2cc(Br)ccc2CC32CCC(OC)CC2)c1,7.98,ic,1
222,CHEMBL3656181,CN1OC2(N=C1N)c1cc(Br)ccc1OC21CCc2ccccc2CC1,6.86,ic,0
223,CHEMBL3260841,COC1CCC2(CC1)Cc1ccc(-c3cccc(C#N)c3)cc1C21N=C(N)N(C)C1=O,8.4,ic,1
224,CHEMBL3653689,CC1=NC2(N=C1N)c1cc(Br)ccc1CC21CCOCC1,5.12,ic,0
225,CHEMBL3927865,CC#Cc1cncc(-c2ccc3c(c2)[C@@]2(N=C(C)C(N)=N2)[C@]2(C3)C[C@H](C)[C@@H](OC)[C@H](C)C2)c1,8.09,ic,1
226,CHEMBL3907602,COC1CCC2(CC1)Cc1ccc(-c3cnc(C)s3)cc1C21N=C(N)N(C)C1=O,7.85,ic,1
227,CHEMBL3976065,COC1CCC2(CC1)Cc1ccc(-c3cncc(F)c3)cc1C21N=C(N)N(C(C)C)C1=O,8.05,ic,1
228,CHEMBL3894277,COC1CCC2(CC1)Cc1ccc(F)cc1C21N=C(N)N(C)C1=O,7.1,ic,1
229,CHEMBL3890022,CO[C@H]1CC[C@]2(CC1)Cc1c(F)ccc(Br)c1C21N=C(N)N(C)C1=O,5.7,ic,0
230,CHEMBL3900970,CC(C)N1C(=O)C2(N=C1N)c1cc(Br)ccc1C[C@]21CC[C@@H](OC(F)F)CC1,6.82,ic,0
231,CHEMBL3897669,CN1C(=O)C2(N=C1N)c1cc(Br)ccc1CC21CCC(F)(F)CC1,5.87,ic,0
232,CHEMBL3929245,COC1CCC2(CC1)Cc1ccc(-c3cncc(F)c3)cc1C21N=C(N)N(CC2CCO2)C1=O,7.86,ic,1
233,CHEMBL3919180,COC1CCC2(CC1)Cc1ccc(C#CC3CC3)cc1C21N=C(N)N(CCN(C)C)C1=O,7.85,ic,1
234,CHEMBL3927824,COC1CCC2(CC1)Cc1ccc(C#CC3CC3)cc1C21N=C(N)N(CCC(F)(F)F)C1=O,7.79,ic,1
235,CHEMBL3672721,CO[C@H]1CC[C@@]2(CCc3ccc(Br)cc3C23N=C(C)C(N)=N3)CC1,6.39,ic,0
236,CHEMBL3672729,CC1=NC2(N=C1N)c1cc(-c3cc(Cl)cc(C#N)c3)ccc1CCC21CC1,7.82,ic,1
237,CHEMBL3656169,CN1OC2(N=C1N)c1cc(-c3cccc(C#N)c3)ccc1CC21CCCC1,6.35,ic,0
238,CHEMBL3980458,CO[C@H]1CC[C@]2(CC1)Cc1ccc(Br)cc1[C@@]21N=C(N)N(CC(C)(C)O)C1=O,5.37,ic,0
239,CHEMBL3656157,CN1OC2(N=C1N)c1cc(-c3cccc(OC(F)(F)F)c3)ccc1CC21CCc2ccccc2CC1,6.88,ic,0
240,CHEMBL3965440,CC(C)N1C(=O)C2(N=C1N)c1cc(-c3cncc(F)c3)ccc1CC21CCC(OC(F)F)CC1,7.83,ic,1
241,CHEMBL3966983,CO[C@H]1CC[C@]2(CC1)Cc1ccc(N3CCCC3=O)cc1C21N=C(N)N(C)C1=O,6.96,ic,0
242,CHEMBL3899867,CO[C@@H]1[C@@H](C)C[C@]2(Cc3ccc(-c4cncc(F)c4)cc3[C@@]23N=C(C)C(N)=N3)C[C@H]1C,8.82,ic,1
243,CHEMBL3960538,COC1CCC2(CC1)Cc1ccc(-c3nc(Br)cs3)cc1C21N=C(N)N(C(C)C)C1=O,7.05,ic,1
244,CHEMBL3971649,CC#Cc1cncc(-c2ccc3c(c2)C2(N=C(N)N(C)C2=O)C2(CCC(OC)CC2)C3)c1,8.14,ic,1
245,CHEMBL3962090,COC1CCC2(CC1)Cc1ccc(N3CCCC3)cc1C21N=C(N)N(C)C1=O,6.84,ic,0
246,CHEMBL3977859,COc1cc(-c2ccc3c(c2)C2(N=C(N)N(C)C2=O)C2(CCC(OC)CC2)C3)ccn1,7.98,ic,1
247,CHEMBL3653713,CC1=NC2(N=C1N)c1cc(-c3cncc(Cl)c3)ccc1CC21CCC1,6.55,ic,0
248,CHEMBL3653699,CC1=NC2(CC3(CCCOC3)Oc3ccc(-c4cccc(Cl)c4)cc32)N=C1N,6.91,ic,0
249,CHEMBL3653704,CC1=N[C@]2(C[C@H]([C@H]3CCCOC3)Oc3ccc(-c4cccc(Cl)c4)cc32)N=C1N,6.09,ic,0
250,CHEMBL3653711,CC#Cc1cncc(-c2ccc3c(c2)C2(CCC3)N=C(C)C(N)=N2)c1,7.21,ic,1
251,CHEMBL3657445,CC1=NC2(N=C1N)c1cc(-c3cncc(Cl)c3)ccc1CC21CCC(C(F)F)CC1,6.13,ic,0
252,CHEMBL3653668,COC1CCC2(CC1)Cc1ccc(Br)cc1[C@@]21N=C(C)C(N)=N1,4.99,ic,0
253,CHEMBL3349234,CC#Cc1cncc(-c2ccc3c(c2)[C@@]2(N=C(C)C(N)=N2)C2(CCC(OC)CC2)C3)c1,9.24,ic,1
254,CHEMBL3905878,CO[C@H]1CC[C@]2(CC1)Cc1ccc(-c3cncc(Cl)c3)cc1[C@@]21N=C(C)C(N)=N1,8.96,ic,1
255,CHEMBL3945121,CO[C@H]1CC[C@]2(CC1)Cc1ccc(OCCCF)cc1C21N=C(C)C(N)=N1,7.6,ic,1
256,CHEMBL3653691,CC1=NC2(N=C1N)c1cc(-c3ccc(F)c(Cl)c3)ccc1CC21CCOCC1,6.84,ic,0
257,CHEMBL3657441,CC1=NC2(N=C1N)c1cc(Br)ccc1CC21CCC(C(F)(F)F)CC1,4.71,ic,0
258,CHEMBL3657455,CC1=NC2(CCOc3ccc(-c4cc(C)ccc4C)cc32)N=C1N,5.17,ic,0
259,CHEMBL3965844,CO[C@H]1CC[C@]2(CC1)Cc1ccc(-c3cncc(Cl)c3)cc1C21N=C(C)C(N)=N1,8.64,ic,1
260,CHEMBL3653690,CC1=NC2(N=C1N)c1cc(-c3cccc(Cl)c3)ccc1CC21CCOCC1,7.0,ic,0
261,CHEMBL3929159,COc1cc(-c2ccc3c(c2)[C@@]2(N=C(C)C(N)=N2)[C@]2(CC[C@H](OC)CC2)C3)cc(C#N)c1F,8.66,ic,1
262,CHEMBL3974225,CO[C@H]1CC[C@]2(CC1)Cc1ccc(-c3cc(Cl)c(F)c(C#N)c3)cc1[C@@]21N=C(C)C(N)=N1,9.14,ic,1
263,CHEMBL3939422,CC#Cc1cc(-c2ccc3c(c2)C2(N=C(C)C(N)=N2)[C@]2(CC[C@H](OC)CC2)C3)ccn1,8.31,ic,1
264,CHEMBL3653708,CC1=NC2(CC(C3CCOC(C)(C)C3)Oc3ccc(-c4cccc(Cl)c4)cc32)N=C1N,7.0,ic,0
265,CHEMBL3946143,CO[C@H]1CC[C@]2(CC1)Cc1ccc(Br)cc1C21N=C(C)C(N)=N1,5.48,ic,0
266,CHEMBL3898686,CO[C@H]1CC[C@]2(CC1)Cc1ccc(NC(=O)c3ncc(Cl)cc3Cl)cc1C21N=C(C)C(N)=N1,7.55,ic,1
267,CHEMBL3657436,CC1=NC2(N=C1N)c1cc(-c3cc(F)cc(C#N)c3)ccc1CC21CCC(=O)CC1,6.2,ic,0
268,CHEMBL3653715,CC1=NC2(N=C1N)c1cc(C#CC3CC3)ccc1CC21CCC1,6.28,ic,0
269,CHEMBL3653730,CC1=NC2(N=C1N)c1cc(-c3cc(Cl)cc(C#N)c3)ccc1CC21CC1,7.0,ic,0
270,CHEMBL4111546,COc1cc(C#N)cc(-c2ccc3c(c2)[C@]2(N=C(C)C(N)=N2)[C@]2(CC[C@H](OC)CC2)C3)c1,5.23,ic,0
271,CHEMBL3905966,COCCCO[C@H]1CC[C@]2(CC1)Cc1ccc(-c3cccc(OC)c3)cc1C21N=C(N)N(C)O1,6.53,ic,0
272,CHEMBL3915571,CO[C@H]1CC[C@]2(CC1)Cc1ccc(C3CCCC3)cc1C21N=C(N)N(C(C)C)C1=O,6.89,ic,0
273,CHEMBL3986229,CO[C@H]1CC[C@]2(CC1)Cc1ccc(-c3cc(C#N)cs3)cc1C21N=C(N)N(C(C)C)C1=O,6.6,ic,0
274,CHEMBL4115567,COCCN1C(=O)[C@]2(N=C1N)c1cc(C#CC3CC3)ccc1C[C@]21CC[C@@H](OC)CC1,8.22,ic,1
275,CHEMBL3954597,CO[C@H]1CC[C@]2(CC1)Cc1ccc(Oc3cccc(Cl)c3)cc1C21N=C(N)N(C)O1,7.0,ic,0
276,CHEMBL3968202,COC1CCC2(CC1)Cc1ccc(-c3ccc(F)c(Cl)c3)cc1C21N=C(N)N(C)C1=O,9.22,ic,1
277,CHEMBL3938174,COC1CCC2(CC1)Cc1ccc(-c3cncc(F)c3)cc1C21N=C(N)N(C)C1=O,8.72,ic,1
278,CHEMBL3939930,COCCN1C(=O)C2(N=C1N)c1cc(-c3cccnc3F)ccc1CC21CCc2ccccc2CC1,8.2,ic,1
279,CHEMBL3657458,COc1ccc(C)cc1-c1ccc2c(c1)C1(CCO2)N=C(C)C(N)=N1,5.16,ic,0
280,CHEMBL3909571,CO[C@H]1CC[C@]2(CC1)Cc1ccc(-c3cc(Cl)cnc3C)cc1C21N=C(C)C(N)=N1,7.72,ic,1
281,CHEMBL3653724,CCC1=NC2(N=C1N)c1cc(-c3cncc(C#N)c3)ccc1C[C@]21CC[C@@H](OC)CC1,7.68,ic,1
282,CHEMBL3653666,CC1=NC2(N=C1N)c1cc(Br)ccc1CC21CCC(OC(F)F)CC1,6.95,ic,0
283,CHEMBL3653694,CC1=NC2(N=C1N)c1cc(NC(=O)c3ccc(Cl)cn3)ccc1CC21CCC(F)(F)CC1,6.39,ic,0
284,CHEMBL3657430,CC1=NC2(N=C1N)c1cc(-c3cncc(C(F)(F)F)c3)ccc1C[C@]21CC[C@@H](OC(F)F)CC1,7.68,ic,1
285,CHEMBL3653696,COC1CCC2(CC1)Oc1ccc(Br)cc1C21N=C(C)C(N)=N1,6.17,ic,0
286,CHEMBL3653709,CC1=NC2(CCCc3ccc(Br)cc32)N=C1N,4.12,ic,0
287,CHEMBL3653710,CC1=NC2(CCCc3ccc(-c4cncc(Cl)c4)cc32)N=C1N,6.49,ic,0
288,CHEMBL3919005,Cc1noc2c1CC1(CC2)Cc2ccc(-c3cccnc3)cc2C12N=C(N)N(C)O2,7.23,ic,1
289,CHEMBL3903793,COC1CCC2(CC1)Cc1cc(F)c(-c3cccc(C#N)c3)cc1C21N=C(N)N(C)C1=O,7.69,ic,1
290,CHEMBL3910855,CCCCN1C(=O)C2(N=C1N)c1cc(C#CC3CC3)ccc1CC21CCC(OC)CC1,8.15,ic,1
291,CHEMBL3672699,CC1=N[C@@]2(N=C1N)c1cc(-c3cc(Cl)cc(C#N)c3)ccc1C[C@]21CC[C@@H](O)CC1,6.11,ic,0
292,CHEMBL3915935,CO[C@H]1CC[C@]2(CC1)Cc1ccc(OCC3(C)CC3)cc1C21N=C(C)C(N)=N1,7.75,ic,1
293,CHEMBL3656160,CC1=C(C)CC2(CC1)Cc1ccc(-c3cccc(C#N)c3)cc1C21N=C(N)N(C)O1,6.79,ic,0
294,CHEMBL3913489,[C-]#[N+]c1cccc(-c2ccc3c(c2)C2(N=C(N)N(C)O2)C2(CCC(OC(F)F)CC2)C3)c1,8.33,ic,1
295,CHEMBL3910991,COC1CCC2(CC1)Cc1ccc(-c3cc(F)cc(F)c3)cc1C21N=C(N)N(C)C1=O,9.0,ic,1
296,CHEMBL3944327,COC1CCC2(CC1)Cc1ccc(-c3cnccn3)cc1C21N=C(N)N(C)C1=O,7.53,ic,1
297,CHEMBL3657457,COc1cccc(-c2ccc3c(c2)C2(CCO3)N=C(C)C(N)=N2)c1F,5.78,ic,0
298,CHEMBL3972170,CO[C@H]1CC[C@]2(CC1)Cc1ccc(-c3cc(C#N)cc(C#N)c3)cc1C21N=C(C)C(N)=N1,8.28,ic,1
299,CHEMBL3927408,CO[C@H]1CC[C@]2(CC1)Cc1ccc(-c3ccc(F)c(C#N)c3)cc1[C@@]21N=C(C)C(N)=N1,8.6,ic,1
300,CHEMBL3653659,CC1=NC2(CCOc3ccc(-c4cc(F)cc(F)c4)cc32)N=C1N,5.77,ic,0
301,CHEMBL3657452,CC1=NC2(CCOc3ccc(-c4cc(C)cc(C)c4)cc32)N=C1N,5.5,ic,0
302,CHEMBL3657454,CC1=NC2(CCOc3ccc(-c4cccc(F)c4F)cc32)N=C1N,5.37,ic,0
303,CHEMBL3657460,COc1ccc(F)c(-c2ccc3c(c2)C2(CCO3)N=C(C)C(N)=N2)c1,5.75,ic,0
304,CHEMBL3656165,CN1OC2(N=C1N)c1cc(-c3cccc(C#N)c3)ccc1CC21CCCc2ccccc2C1,6.53,ic,0
305,CHEMBL3656164,CN1OC2(N=C1N)c1cc(-c3cccc(C#N)c3)ccc1CC21CCc2ccccc2C1,6.71,ic,0
306,CHEMBL3639525,COC1CCC2(CC1)Cc1ccc(Br)cc1[C@]21N=C(C)C(N)=N1,4.78,ic,0
307,CHEMBL3928450,CO[C@H]1CC[C@]2(CC1)Cc1ccc(-c3ccc(F)c(C#N)c3)cc1C21N=C(C)C(N)=N1,8.15,ic,1
308,CHEMBL3980368,CO[C@H]1CC[C@]2(CC1)Cc1ccc(-c3cnc(C)c(Cl)c3)cc1C21N=C(C)C(N)=N1,7.92,ic,1
309,CHEMBL3909616,CO[C@H]1CC[C@]2(CC1)Cc1ccc(CC(C)(C)C)cc1C21N=C(N)N(C(C)C)C1=O,6.57,ic,0
310,CHEMBL3905234,COC1CCC2(CC1)Cc1ccc(OCc3ccccc3)cc1C21N=C(N)N(C)O1,6.05,ic,0
311,CHEMBL3902664,Cc1cccc2c1CCC1(CCc3ccc(-c4cccc(C#N)c4)cc3C13N=C(N)N(C)O3)C2,6.21,ic,0
312,CHEMBL3934108,CN1OC2(N=C1N)c1cc(-c3cccc(C#N)c3)ccc1CC21Cc2cccc3cccc(c23)C1,5.49,ic,0
313,CHEMBL3656225,COCCN1C(=O)C2(N=C1N)c1cc(OC(F)F)ccc1C[C@]21CC[C@@H](OC)CC1,6.89,ic,0
314,CHEMBL3905707,CO[C@H]1CC[C@]2(CC1)Cc1ccc(-c3cnc(C)nc3)cc1C21N=C(N)N(C(C)C)C1=O,7.64,ic,1
315,CHEMBL3956487,CN1OC2(C=C1N)c1cc(-c3cccc(C#N)c3)ccc1CC21CCc2ccccc2C1,6.71,ic,0
316,CHEMBL3943188,CO[C@H]1CC[C@]2(CC1)Cc1cc(F)c(-c3cc(F)cc(C#N)c3)cc1C21N=C(C)C(N)=N1,7.64,ic,1
317,CHEMBL3899321,CO[C@H]1CC[C@]2(CC1)Cc1ccc(OCC(C)F)cc1C21N=C(C)C(N)=N1,8.17,ic,1
318,CHEMBL3920999,CC(C)N1C(=O)C2(N=C1N)c1ccccc1CC21CCC(OC(F)F)CC1,6.33,ic,0
319,CHEMBL3656182,COC1CCC2(CC1)Oc1ccc(-c3cccc(C#N)c3)cc1C21N=C(N)N(C)O1,5.75,ic,0
320,CHEMBL3656140,COC1CCC2(CC1)Cc1ccc(-c3cc(C)cc(C)c3)cc1C21N=C(N)N(C)O1,7.84,ic,1
321,CHEMBL3656152,CN1OC2(N=C1N)c1cc(-c3cccc(C#N)c3)ccc1CC21CCc2cc(F)c(F)cc2C1,7.05,ic,1
322,CHEMBL3985516,CO[C@H]1CC[C@]2(CC1)Cc1ccc(C#N)cc1C21N=C(C)C(N)=N1,6.73,ic,0
323,CHEMBL3971150,CO[C@H]1CC[C@]2(CC1)Cc1ccc(-c3cc(C#N)cc(C(F)(F)F)c3)cc1[C@@]21N=C(C)C(N)=N1,8.51,ic,1
324,CHEMBL4067413,[2H]C1([2H])OC(N)=N[C@]12c1cc(-c3cncnc3)ccc1C[C@@]21CC[C@H](OC)[C@@H](CC)C1,8.7,ic,1
325,CHEMBL3672719,CC1=NC2(N=C1N)c1cc(-c3cc(F)cc(F)c3)ccc1CCC21CC1,6.89,ic,0
326,CHEMBL3905816,CO[C@H]1CC[C@]2(CC1)Cc1ccc(OCC3CC3(F)F)cc1C21N=C(C)C(N)=N1,7.89,ic,1
327,CHEMBL3976796,COC1CCC2(CC1)Cc1ccccc1C21N=C(N)N(C)C1=O,6.79,ic,0
328,CHEMBL3966668,COC1CCC2(CC1)Cc1ccc(C(=O)N3CCCC3)cc1C21N=C(N)N(C)C1=O,6.09,ic,0
329,CHEMBL3940181,CC(C)N1C(=O)C2(N=C1N)c1cc(-c3cccnc3F)ccc1CC21CCC(OC(F)F)CC1,7.44,ic,1
330,CHEMBL3893841,CO[C@H]1CC[C@]2(CC1)Cc1ccc(Cl)cc1C21N=C(N)N(C)O1,6.67,ic,0
331,CHEMBL3979493,CO[C@H]1CC[C@]2(CC1)Cc1ccc(Br)cc1[C@@]21N=C(N)N([C@H](C)CO)C1=O,4.71,ic,0
332,CHEMBL3922739,CO[C@H]1CC[C@]2(CC1)Cc1ccc(-c3cnc(C)nc3)cc1C21CC(=N)N(C(C)C)C1=O,7.64,ic,1
333,CHEMBL4092875,CO[C@H]1CC[C@]2(CC1)Cc1ccc(-c3cc(Cl)cc(C#N)c3)cc1[C@]21COC(N)=N1,6.67,ic,0
334,CHEMBL3657428,CC1=N[C@]2(N=C1N)c1cc(-c3cc(F)cc(C#N)c3)ccc1C[C@]21CC[C@@H](OC(F)F)CC1,7.66,ic,1
335,CHEMBL3639562,CC1=NC2(N=C1N)c1cc(-c3cc(Cl)cc(C#N)c3)ccc1C[C@]21CC[C@@H](OC(F)F)CC1,8.89,ic,1
336,CHEMBL3656162,CN1OC2(N=C1N)c1cc(-c3cccc(C#N)c3)ccc1CC21CCc2cc(F)ccc2C1,6.75,ic,0
337,CHEMBL3925456,CO[C@H]1CC[C@]2(CC1)Cc1ccc(NC(=O)c3ccc(Cl)cn3)cc1C21N=C(C)C(N)=N1,7.7,ic,1
338,CHEMBL3964909,CO[C@H]1CC[C@]2(CC1)Cc1ccc(NC(=O)c3ccc(F)cn3)cc1C21N=C(C)C(N)=N1,6.92,ic,0
339,CHEMBL3916393,COC1CCC2(CC1)Cc1ccc(-c3cncs3)cc1C21N=C(N)N(C)C1=O,7.94,ic,1
340,CHEMBL3653698,COC1CCC2(CC1)Oc1ccc(-c3cncc(Cl)c3)cc1C21N=C(C)C(N)=N1,8.28,ic,1
341,CHEMBL3653716,CC1=NC2(N=C1N)c1cc(C#CC(C)(C)C)ccc1CC21CCC1,5.58,ic,0
342,CHEMBL3656155,CN1OC2(N=C1N)c1cc(-c3cccc(C#N)c3)ccc1CC21CCOc2ccccc2C1,6.92,ic,0
343,CHEMBL3951352,CO[C@H]1CC[C@]2(CC1)Cc1ccc(Br)cc1[C@@]21N=C(N)N(C)C1=O,5.35,ic,0
344,CHEMBL3656135,COC1CCC2(CC1)Cc1ccc(-c3cc(F)cc(Cl)c3)cc1C21N=C(N)N(C)C1=O,7.96,ic,1
345,CHEMBL3902253,COC1CCC2(CC1)Cc1ccc(-c3cc(F)cc(Cl)c3)cc1C21CN(CC(F)(F)F)C(N)=N1,6.47,ic,0
346,CHEMBL4110527,COC1CCC2(CC1)Cc1ccc(-c3cc(Cl)cc(Cl)c3)cc1[C@]21N=C(N)N(C)C1=O,8.38,ic,1
347,CHEMBL3902558,COC1CCC2(CC1)Cc1ccc(-c3cc(Cl)cc(Cl)c3)cc1C21N=C(N)N(C)C1=O,7.24,ic,1
348,CHEMBL3893021,CO[C@H]1CC[C@]2(CC1)Cc1ccc(C#CC(C)C)cc1[C@@]21N=C(C)C(N)=N1,8.33,ic,1
349,CHEMBL3672702,CC[C@@H](C)Oc1ccc2c(c1)C1(N=C(C)C(N)=N1)[C@]1(CC[C@H](OC)CC1)C2,7.05,ic,1
350,CHEMBL3969425,COC1CCC2(CC1)Cc1ccc(C(C)C(F)(F)F)cc1C21N=C(N)N(C)C1=O,6.14,ic,0
351,CHEMBL3653695,CC#Cc1cncc(-c2ccc3c(c2)C2(N=C(C)C(N)=N2)C2(CCC(F)(F)CC2)C3)c1,8.14,ic,1
352,CHEMBL3928706,CO[C@H]1CC[C@]2(CC1)Cc1cc(C)c(Br)cc1C21N=C(C)C(N)=N1,5.78,ic,0
353,CHEMBL3672732,CO[C@H]1CC[C@]2(CCc3ccc(-c4cc(Cl)cc(C#N)c4)cc3C23N=C(C)C(N)=N3)CC1,8.44,ic,1
354,CHEMBL3946842,CO[C@H]1CC[C@]2(CC1)Cc1ccc(C#CC3CCC3)cc1C21N=C(C)C(N)=N1,7.66,ic,1
355,CHEMBL3948423,CCO[C@H]1CC[C@]2(CC1)Cc1ccc(Br)cc1C21N=C(C)C(N)=N1,6.08,ic,0
356,CHEMBL3973871,COC1CCC2(CC1)Cc1ccc(-c3ccn(C4CC4)c(=O)c3)cc1C21N=C(N)N(C)C1=O,6.73,ic,0
357,CHEMBL3935629,Cc1ccc2c(c1)C1(N=C(N)N(C)O1)C1(CCc3ccccc3CC1)C2,6.59,ic,0
358,CHEMBL3974239,[C-]#[N+]c1cccc(-c2ccc3c(c2)C2(N=C(N)N(C)O2)C2(CCCCC2)C3)c1,6.65,ic,0
359,CHEMBL3981574,CO[C@H]1CC[C@]2(CC1)Cc1ccc(-c3cnc4[nH]cc(C)c4c3)cc1C21N=C(C)C(N)=N1,7.58,ic,1
360,CHEMBL3652435,COC1CCC2(CC1)Cc1ccc(-c3cc(Cl)cc(Cl)c3)cc1C21N=C(N)N(C)O1,8.32,ic,1
361,CHEMBL3894514,Cc1noc2c1CC1(CC2)Cc2ccc(-c3cncc(Cl)c3)cc2C12N=C(N)N(C)O2,8.15,ic,1
362,CHEMBL3656159,CN1OC2(N=C1N)c1cc(-c3cccc(C#N)c3)ccc1CC21Cc2ccccc2C1,6.8,ic,0
363,CHEMBL3894111,CCOC1(F)CCC2(CC1)Cc1ccc(-c3cccc(C#N)c3)cc1C21N=C(N)N(C)O1,7.38,ic,1
364,CHEMBL3910995,CCCc1cncc(-c2ccc3c(c2)C2(N=C(N)N(C(C)C)C2=O)C2(CCC(OC)CC2)C3)c1,7.37,ic,1
365,CHEMBL3901886,COC1CCC2(CC1)Cc1ccc(-c3cc(Br)cs3)cc1C21N=C(N)N(C(C)C)C1=O,7.53,ic,1
366,CHEMBL3916549,COC1CCC2(CC1)Cc1ccc(-c3cncc(F)c3)cc1C21N=C(N)N(Cc2ccccc2)C1=O,8.35,ic,1
367,CHEMBL3901821,COC1CCC2(CC1)Cc1ccc(-c3cc(Cl)cc(C#N)c3)cc1C21N=C(N)N(C)C1=O,9.1,ic,1
368,CHEMBL3906599,COC1CCC2(CC1)Cc1ccccc1C21N=C(N)N(C(C)C)C1=O,6.46,ic,0
369,CHEMBL3977126,COC1CCC2(CC1)Cc1ccc(-c3cccnc3)cc1C21N=C(N)N(C)C1=O,8.48,ic,1
370,CHEMBL3653697,COC1CCC2(CC1)Oc1ccc(-c3cccc(Cl)c3)cc1C21N=C(C)C(N)=N1,8.28,ic,1
371,CHEMBL3969124,COC1CCC2(CC1)Cc1ccc(-c3cnn(C)c(=O)c3)cc1C21N=C(N)N(C)C1=O,7.49,ic,1
372,CHEMBL3947671,CO[C@H]1CC[C@]2(CC1)Cc1cc(F)c(-c3cc(Cl)cc(C#N)c3)cc1C21N=C(C)C(N)=N1,7.64,ic,1
373,CHEMBL3969309,CO[C@H]1CC[C@]2(CC1)Cc1cc(F)c(-c3cncc(Cl)c3)cc1C21N=C(C)C(N)=N1,7.44,ic,1
374,CHEMBL3917387,CCO[C@H]1CC[C@]2(CC1)Cc1ccc(-c3cc(C#N)cc(C(F)F)c3)cc1C21N=C(C)C(N)=N1,7.55,ic,1
375,CHEMBL3987125,CC#Cc1cncc(-c2ccc3c(c2)C2(N=C(C)C(N)=N2)[C@]2(CC[C@H](OCC)CC2)C3)c1,7.66,ic,1
376,CHEMBL3913966,COC1CCC2(CC1)Cc1ccc(-c3cnccn3)cc1C21N=C(N)N(C)O1,7.63,ic,1
377,CHEMBL3904483,CN1OC2(N=C1N)c1cc(-c3cc(F)cc(Cl)c3)ccc1OC21CCc2ccccc2CC1,7.83,ic,1
378,CHEMBL3891377,COC1CCC2(CC1)Cc1ccc(C#Cc3ccccc3)cc1C21N=C(N)N(C)O1,7.09,ic,1
379,CHEMBL3656172,CN1OC2(N=C1N)c1cc(-c3cccc(C#N)c3)ccc1CC21CCc2c(F)cccc2C1,6.21,ic,0
380,CHEMBL3922674,CO[C@H]1CC[C@]2(CC1)Cc1ccc(NC(=O)c3ncc(Cl)cc3C)cc1C21N=C(C)C(N)=N1,7.75,ic,1
381,CHEMBL3933242,CO[C@H]1CC[C@]2(CC1)Cc1ccc(OC(C)C)cc1C21N=C(N)N(C)O1,6.77,ic,0
382,CHEMBL3933430,[C-]#[N+]c1cc(C#N)cc(-c2ccc3c(c2)C2(N=C(N)N(C)C2=O)C2(CCC(OC)CC2)C3)c1,8.96,ic,1
383,CHEMBL4062699,[2H]C1([2H])OC(N)=N[C@]12c1cc(-c3cc(Cl)cc(C#N)c3)ccc1C[C@]21CC[C@@H](OC)CC1,8.32,ic,1
384,CHEMBL4085364,[2H]C1([2H])OC(N)=N[C@]12c1cc(-c3cncnc3)ccc1C[C@]21C[C@H](C)[C@@H](OC)[C@H](C)C1,8.82,ic,1
385,CHEMBL3656179,CN1OC2(N=C1N)c1cc(-c3cccc(C#N)c3)ccc1CCC21CCc2ccccc2CC1,5.3,ic,0
386,CHEMBL3960694,COC1CCC2(CC1)Cc1ccc(Br)cc1C21N=C(N)N(C)C1=O,7.51,ic,1
387,CHEMBL3918596,CN1OC2(C=C1N)c1cc(-c3cccc(C#N)c3)ccc1CC21CCCc2ccccc2C1,6.53,ic,0
388,CHEMBL4217620,CC#Cc1cncc(-c2ccc3c(c2)[C@@]2(N=C(C)C(N)=N2)[C@]2(CC[C@@H](OC)CC2)C3)c1,9.22,ic,1
389,CHEMBL3949357,CC(C)N1C(=O)C2(N=C1N)c1cc(Br)ccc1C[C@]21CC[C@@H](O)CC1,5.8,ic,0
390,CHEMBL3936760,COC1CCC2(CC1)Cc1ccc(-c3cncc(F)c3)cc1C21N=C(N)N(CC(F)(F)F)C1=O,7.71,ic,1
391,CHEMBL3975565,COC1CCC2(CC1)Cc1ccc(-c3cncc(Cl)c3)cc1C21N=C(N)N(C)C1=O,8.59,ic,1
392,CHEMBL3914462,CO[C@H]1CC[C@]2(CC1)Cc1c(F)cccc1C21N=C(N)N(C)C1=O,6.31,ic,0
393,CHEMBL3972883,COC1CCC2(CC1)Cc1ccc(-c3cc(F)cc(C#N)c3)cc1C21N=C(N)N(C)C1=O,9.02,ic,1
394,CHEMBL3971949,COC1CCC2(CC1)Cc1ccc(-c3cnc(C4CC4)s3)cc1C21N=C(N)N(C)C1=O,7.4,ic,1
