smiles,logS
Cc1occc1C(=O)Nc2ccccc2,-3.640045784309008
CC(C)=CCCC(C)=CC(=O),-2.5676031000131205
c1ccc2c(c1)ccc3c2ccc4c5ccccc5ccc43,-5.864716596077792
c1ccsc1,-2.1555586392320074
c2ccc1scnc1c2 ,-2.7576915661615877
Clc1cc(Cl)c(c(Cl)c1)c2c(Cl)cccc2Cl,-6.6793362824074425
CC12CCC3C(CCc4cc(O)ccc34)C2CCC1O,-4.374975480923107
ClC4=C(Cl)C5(Cl)C3C1CC(C2OC12)C3C4(Cl)C5(Cl)Cl,-5.295490985536407
COc5cc4OCC3Oc2c1CC(Oc1ccc2C(=O)C3c4cc5OC)C(C)=C ,-5.056420512677555
O=C1CCCN1,-0.10421977845875041
CCC1(C(=O)NCNC1=O)c2ccccc2,-1.9232707014858557
CCC(C)CO,-1.1431273950401097
N#Cc1ccccc1,-2.010705568467736
CCOP(=S)(OCC)Oc1cc(C)nc(n1)C(C)C,-4.273198618022156
Clc1ccc(c(Cl)c1)c2c(Cl)ccc(Cl)c2Cl ,-6.730497322899291
O=c2[nH]c1CCCc1c(=O)n2C3CCCCC3,-3.4171632110887686
CCOP(=S)(OCC)SCSCC,-4.201827334508506
CCOc1ccc(NC(=O)C)cc1,-2.5931660407033466
CCN(CC)c1c(cc(c(N)c1N(=O)=O)C(F)(F)F)N(=O)=O,-4.4534193874040895
CCCCCCCO,-1.9355657117760794
Cn1c(=O)n(C)c2nc[nH]c2c1=O,-1.1927355915690148
CCCCC1(CC)C(=O)NC(=O)NC1=O,-2.029273004528091
ClC(Cl)=C(c1ccc(Cl)cc1)c2ccc(Cl)cc2,-6.757392733465986
CCc1ccc(CC)cc1,-3.8744366701091675
COC(=O)Nc1cccc(OC(=O)Nc2cccc(C)c2)c1,-4.26569834339901
ClC(=C)Cl,-1.9482408232906567
Cc1cccc2c1Cc3ccccc32,-4.851518651549837
CCCCC=O,-1.1075143382109676
N(c1ccccc1)c2ccccc2,-3.968344944028045
CN(C)C(=O)SCCCCOc1ccccc1,-3.3062685781411587
CCCCCCCI,-4.190738513446798
c1c(Cl)cccc1c2ccccc2,-4.634758095637508
O=C2NC(=O)C1(CCC1)C(=O)N2,-0.8738555477188861
CC(C)C1CCC(C)CC1O ,-3.003742438580784
CC(C)OC=O,-0.8142883565876216
CCCCCC(C)O,-1.7849423659315231
CC(=O)Nc1ccc(Br)cc1,-2.831554802066692
CCCCCCC#C,-2.592414048763461
CCC1(C(=O)NC(=O)NC1=O)C2=CCCCC2 ,-2.240098269244182
c1ccc2c(c1)ccc3c4ccccc4ccc23,-5.444323433033407
CCC(C)n1c(=O)[nH]c(C)c(Br)c1=O ,-2.9271085746590715
Clc1cccc(c1Cl)c2c(Cl)c(Cl)cc(Cl)c2Cl ,-7.2203715390643906
Cc1ccccc1O,-2.249468222802599
CC(C)CCC(C)(C)C,-3.607619764925676
Cc1ccc(C)c2ccccc12,-4.288311696573404
Cc1cc2c3ccccc3ccc2c4ccccc14,-5.742635094489199
CCCC(=O)C,-0.8402557278013485
Clc1cc(Cl)c(Cl)c(c1Cl)c2c(Cl)c(Cl)cc(Cl)c2Cl ,-8.289382205487136
CCCOC(=O)CC,-1.5036878098826247
CC34CC(O)C1(F)C(CCC2=CC(=O)C=CC12C)C3CC(O)C4(O)C(=O)CO,-3.1602194553563505
O=C(Cn1ccnc1N(=O)=O)NCc2ccccc2,-2.423502751571421
NC(=O)c1cnccn1,-0.6469930436825018
CCC(Br)(CC)C(=O)NC(N)=O,-2.030513345443607
O=C2CN(N=Cc1ccc(o1)N(=O)=O)C(=O)N2 ,-1.6280934395512177
Clc2ccc(Oc1ccc(cc1)N(=O)=O)c(Cl)c2,-5.32073422009478
CC1(C)C2CCC1(C)C(=O)C2,-2.7707937374701457
O=C1NC(=O)NC(=O)C1(CC=C)c1ccccc1,-2.303439372902749
CCCCC(=O)OCC,-1.9460895692368938
CC(C)CCOC(=O)C,-1.8566784378187176
O=C1N(COC(=O)CCCCC)C(=O)C(N1)(c2ccccc2)c3ccccc3,-4.183380990860468
Clc1cccc(c1)c2cc(Cl)ccc2Cl ,-5.816745665676159
CCCBr,-1.8800294271353628
CCCC1COC(Cn2cncn2)(O1)c3ccc(Cl)cc3Cl,-4.441886191441606
COP(=S)(OC)SCC(=O)N(C)C=O,-2.1825847127427744
Cc1ncnc2nccnc12,-1.4016825638712547
NC(=S)N,0.21812620828103135
Cc1ccc(C)cc1,-3.1064075538674905
CC(C)C(C(=O)OC(C#N)c1cccc(Oc2ccccc2)c1)c3ccc(OC(F)F)cc3,-6.365164537211275
CCCN(=O)=O,-0.9669544568785651
CC(C)C1CCC(C)CC1=O,-2.4536028295108423
O=N(=O)c1c(Cl)c(Cl)ccc1,-3.3306358068165816
c1ccc2c(c1)c3cccc4cccc2c34,-5.764560679028908
CCCOC(C)C,-1.5192901944626787
CCC(=C(CC)c1ccc(O)cc1)c2ccc(O)cc2 ,-5.491395942359295
c1(C#N)c(Cl)c(C#N)c(Cl)c(Cl)c(Cl)1,-4.072960124420367
Clc1ccc(Cl)c(c1)c2ccc(Cl)c(Cl)c2,-6.304152900982002
C1OC1c2ccccc2 ,-2.543529107393565
CC(C)c1ccccc1,-3.3034245183307354
CC12CCC3C(CCC4=CC(=O)CCC34C)C2CCC1C(=O)CO,-3.9640281304941056
C1OC(O)C(O)C(O)C1O,0.8122716701498902
CCc1cccc2ccccc12,-4.174002474194691
COC=O,0.024820406398065042
Oc1ccccc1N(=O)=O,-2.0739238670925135
Cc1c[nH]c(=O)[nH]c1=O ,-0.5941224039917978
Oc1ccc(Cl)cc1C(=O)Nc2ccc(cc2Cl)N(=O)=O,-4.5660871124730695
CCCCC,-2.0483919047024433
Nc3ccc2cc1ccccc1cc2c3 ,-4.310061888525888
Cn1cnc2n(C)c(=O)[nH]c(=O)c12 ,-1.1515696114728777
c1ccc2cnccc2c1,-2.6028140685804813
COP(=S)(OC)SCC(=O)N(C(C)C)c1ccc(Cl)cc1,-5.16375050033038
CCCCCCc1ccccc1,-4.553568655451965
Clc1ccccc1c2ccccc2,-4.531085562251886
CCCC(=C)C,-2.1861669124076473
CC(C)C(C)C(C)C,-3.250893380661253
Clc1cc(Cl)c(Cl)c(Cl)c1Cl,-5.279392142214341
Oc1cccc(c1)N(=O)=O,-2.054173614049615
CCCCCCCCC=C,-4.190214350533913
CC1(C)C(C=C(Cl)Cl)C1C(=O)OC(C#N)c2ccc(F)c(Oc3ccccc3)c2,-7.638928570405869
c1ccncc1,-1.512301691432355
CCCCCCCBr,-3.6536270236959547
Cc1ccncc1C,-2.079498147756689
CC34CC(O)C1(F)C(CCC2=CC(=O)CCC12C)C3CCC4(O)C(=O)CO ,-3.4315330622923703
CCSCc1ccccc1OC(=O)NC ,-2.8631013651385215
CCOC(=O)CC(=O)OCC,-1.6059250657322366
CC1=CCC(CC1)C(C)=C,-3.1174461548230927
C1Cc2ccccc2C1,-3.4478253310983384
CC(C)(C)c1ccc(O)cc1,-3.5329490657749187
O=C2NC(=O)C1(CC1)C(=O)N2 ,-0.5294528097831246
Clc1cccc(I)c1,-4.331557605076115
Brc1cccc2ccccc12,-4.509643843649248
CC/C=C/C,-2.1638144821516416
ClC=C(Cl)Cl,-2.4442714099355465
Nc1cccc2ccccc12,-2.8300798697879213
Cc1cccc(C)c1,-3.0657449018884617
Oc2ncc1nccnc1n2,-1.4535630061238003
CO,0.4197871851290098
CCC1(CCC(C)C)C(=O)NC(=O)NC1=O,-2.2490881719494653
CCC(=O)C,-0.6193436766983518
Nc1ncnc2n(ccc12)C3OC(CO)C(O)C3O ,-1.3164593964068563
Oc1cccc(O)c1,-1.6566525107643406
CCCCCCO,-1.5270327546528981
CCCCCCl,-2.2386894869697693
C=CC=C,-0.852815489222662
CCCOC(=O)C,-1.045197482935121
Oc2ccc1CCCCc1c2 ,-3.3123519607235083
NC(=O)CCl ,-0.10588767028763968
COP(=S)(OC)Oc1cc(Cl)c(I)cc1Cl,-6.008438178132462
Cc1ccc(Cl)cc1,-3.3763404856697266
CSc1nnc(c(=O)n1N)C(C)(C)C,-2.102577233229038
Cc1ccc(OP(=O)(Oc2cccc(C)c2)Oc3ccccc3C)cc1,-6.5765431297764945
CCCCCC=O,-1.5143725530193715
CCCCOC(=O)c1ccc(N)cc1,-3.2778322615906053
O2c1cc(C)ccc1N(C)C(=O)c3cc(N)cnc23 ,-3.13734619928077
CC(C)=CCC/C(C)=C\CO,-2.425985599364903
O=C1N(COC(=O)CCCCCCC)C(=O)C(N1)(c2ccccc2)c3ccccc3,-4.511990437293263
CCN(=O)=O,-0.6279116196956553
CCN(CC(C)=C)c1c(cc(cc1N(=O)=O)C(F)(F)F)N(=O)=O,-5.18809269450958
CCCC(C)(COC(N)=O)COC(N)=O ,-1.6791019559896154
CC(=O)C3CCC4C2CC=C1CC(O)CCC1(C)C2CCC34C ,-4.130369613981738
CI,-1.691524405465847
CC1CC(C)C(=O)C(C1)C(O)CC2CC(=O)NC(=O)C2 ,-1.768877775038897
O=C1N(COC(=O)CCCCCC)C(=O)C(N1)(c2ccccc2)c3ccccc3,-4.348305128966327
CC1=CC(=O)CC(C)(C)C1 ,-2.0204291279889093
O=C1NC(=O)NC(=O)C1(CC)C(C)CC,-2.0589156614208184
CCCCC(=O)CCCC,-2.2819484919896196
CCC(C)CC,-2.519590991139328
CCOc1ccc(cc1)C(C)(C)COCc3cccc(Oc2ccccc2)c3,-5.810305805971526
Cc1ccccc1n3c(C)nc2ccccc2c3=O,-3.621510182859545
ClCC#N,-0.5961692888782055
CCOP(=S)(CC)Oc1cc(Cl)c(Cl)cc1Cl,-5.951305528794924
CC12CCC(=O)C=C1CCC3C2CCC4(C)C3CCC4(O)C#C ,-4.052659515430306
c1ccnnc1,-0.9407213271093533
Clc1cc(Cl)c(Cl)c(Cl)c1,-4.645949069532902
C1C(O)CCC2(C)CC3CCC4(C)C5(C)CC6OCC(C)CC6OC5CC4C3C=C21,-4.066385169104321
Nc1ccccc1O,-1.4459257217828916
CCCCCCCCC(=O)OCC,-3.533912264239283
COCC(=O)N(C(C)C(=O)OC)c1c(C)cccc1C ,-3.4397900133788393
CNC(=O)Oc1ccccc1OC(C)C,-2.7248337898680317
CCC(C)Cl,-2.0553830270361946
Oc1ccc2ccccc2c1,-3.2172436176793178
CC(C)Oc1cc(c(Cl)cc1Cl)n2nc(oc2=O)C(C)(C)C,-5.308140810698663
CCCCC#C,-1.7120213614705553
Cc1ccccc1Cl,-3.2382844569294487
CC(C)OC(C)C,-1.4443581694237764
Nc1ccc(cc1)S(=O)(=O)c2ccc(N)cc2,-3.0273310856086875
CNN,0.5287038662044621
CC#C,-0.7917599292897539
CCOP(=S)(OCC)ON=C(C#N)c1ccccc1,-4.400630349089406
C=CC=O,-0.11336981127166945
O=c1[nH]cnc2nc[nH]c12 ,-1.0091657405272845
Oc2ccc1ncccc1c2 ,-2.529348249006525
Fc1ccccc1,-2.5212458368222976
CCCCl,-1.6321154807070868
CCOC(=O)C,-0.6619714295920955
CCCC(C)(C)C,-2.653795359374595
Cc1cc(C)c(C)c(C)c1C,-4.066995970515203
CC12CCC(CC1)C(C)(C)O2 ,-2.722313163659725
CCCCOC(=O)CCCCCCCCC(=O)OCCCC,-4.542541790990567
Clc1ccc(cc1)c2ccc(Cl)cc2 ,-5.482670841156322
Cc1cccnc1C,-2.05610273102421
CC(=C)C1CC=C(C)C(=O)C1,-2.1687855170879007
COc1cc(cc(OC)c1O)C6C2C(COC2=O)C(OC4OC3COC(C)OC3C(O)C4O)c7cc5OCOc5cc67,-3.671484729269808
c1cc2cccc3c4cccc5cccc(c(c1)c23)c54,-6.000852675405472
Cc1ccc(cc1N(=O)=O)N(=O)=O,-2.6591207810275175
c1c(Br)ccc2ccccc12 ,-4.636740303877737
COc2cnc1ncncc1n2,-1.5775795684909213
Cc3ccnc4N(C1CC1)c2ncccc2C(=O)Nc34 ,-3.929127524197333
CCOP(=S)(OCC)Oc1nc(Cl)n(n1)C(C)C,-4.057850773339381
CC(=C)C=C,-1.261879359002176
CC(C)=CCCC(O)(C)C=C,-2.381573093412413
COP(=S)(OC)Oc1ccc(SC)c(C)c1,-4.7966519011622495
OC1CCCCC1,-1.765800395738518
O=C1NC(=O)NC(=O)C1(C)CC=C,-0.9247480088669433
CC34CCC1C(CCC2CC(O)CCC12C)C3CCC4=O,-3.9008988881858744
OCC(O)C(O)C(O)C(O)CO ,0.7774272781343763
Cc1ccc(cc1)c2ccccc2,-4.5022933730336865
CCNc1nc(Cl)nc(NC(C)C)n1,-3.137716729973368
NC(=S)Nc1ccccc1,-1.9822306171916222
CCCC(=O)CCC,-1.6094830872116221
CC(=O)C(C)(C)C,-1.3358346860898171
Oc1ccc(Cl)cc1,-2.616135417659045
O=C1CCCCC1,-0.9715231265113342
ClC(Cl)(Cl)C#N,-2.0091750893263685
CNc2cnn(c1cccc(c1)C(F)(F)F)c(=O)c2Cl,-3.6281049340649587
CCCCCCCCC(=O)C,-2.6979517780457956
CCN(CC)c1nc(Cl)nc(NC(C)C)n1,-3.529818695951346
CCOC(=O)c1ccc(N)cc1,-2.389801181789956
Clc1ccc(Cl)c(Cl)c1,-4.133830721234294
Cc3nnc4CN=C(c1ccccc1Cl)c2cc(Cl)ccc2n34,-4.55527382198348
Oc1ccccc1O,-1.6505278741530025
CCN2c1ncccc1N(C)C(=O)c3cccnc23 ,-3.009709765872793
CSC,-0.7722795652423615
Cc1ccccc1Br,-3.578299282354571
CCOC(=O)N,-0.11523777758546849
CC(=O)OC3(CCC4C2C=C(C)C1=CC(=O)CCC1(C)C2CCC34C)C(C)=O ,-4.254524092748579
CC(C)C(O)C(C)C,-1.6935329074827932
c1ccc2ccccc2c1,-3.3775604010556277
O=C1NC(=O)C(N1)(c2ccccc2)c3ccccc3,-2.8704928253341677
Cc1c2ccccc2c(C)c3ccc4ccccc4c13,-6.018470714715679
CCOP(=S)(OCC)SC(CCl)N1C(=O)c2ccccc2C1=O,-5.375972105629603
COc1ccc(cc1)C(c2ccc(OC)cc2)C(Cl)(Cl)Cl,-5.94836888668257
Fc1cccc(F)c1C(=O)NC(=O)Nc2cc(Cl)c(F)c(Cl)c2F ,-5.304033138469191
O=C1N(COC(=O)CCCC)C(=O)C(N1)(c2ccccc2)c3ccccc3,-3.9905289329251534
CN(C)C(=O)Nc1ccc(Cl)cc1,-2.5212319343656424
OC(Cn1cncn1)(c2ccc(F)cc2)c3ccccc3F,-4.4709783916447305
Brc1cc(Br)c(Br)cc1Br,-6.249471919652911
COc1ccc(Cl)cc1,-3.125954810894732
CCC(C)C1(CC=C)C(=O)NC(=O)NC1=O,-2.279394318548949
Ic1cccc2ccccc12,-4.891163420809043
OCC(O)C(O)C(O)C(O)CO,0.7774272781343763
CCS,-1.0055994581678576
ClCC(Cl)Cl,-1.970691074455448
NC(=O)c1ccccc1O,-1.4448629897882703
Cc1ccccc1N(=O)=O,-2.523929816896305
O=C1NC(=O)NC(=O)C1(C(C)C)C(C)C,-2.1017176987349524
CCc1ccccc1C,-3.2084316009366383
CCCCCCCCl,-3.3285520501973047
O=C1NC(=O)NC(=O)C1(CC)CC,-1.2927713228875375
C(Cc1ccccc1)c2ccccc2,-4.378986440410628
ClC(Cl)C(Cl)Cl,-2.5674989827018644
CCN2c1cc(OC)cc(C)c1NC(=O)c3cccnc23 ,-4.098472139807409
Cc1ccc2c(ccc3ccccc32)c1,-5.077646944686913
CCCCOC(=O)c1ccccc1C(=O)OCCCC ,-4.814130714421023
COc1c(O)c(Cl)c(Cl)c(Cl)c1Cl ,-4.367851177084295
CCN(CC)C(=O)C(=CCOP(=O)(OC)OC)Cl,-2.02379886184881
CC34CCC1C(=CCc2cc(O)ccc12)C3CCC4=O,-3.586782752816328
COc1ccc(cc1)N(=O)=O,-2.5058742027999914
CCCCCCCl,-2.78294226825329
OCC1OC(CO)(OC2OC(COC3OC(CO)C(O)C(O)C3O)C(O)C(O)C2O)C(O)C1O,0.010919964591462161
CCN2c1ccccc1N(C)C(=O)c3cccnc23 ,-3.4480480222609238
Nc1ccc(cc1)S(N)(=O)=O,-0.9823787288255268
CCCN(CCC)c1c(cc(cc1N(=O)=O)C(C)C)N(=O)=O,-5.338318208460425
ClC1C(Cl)C(Cl)C(Cl)C(Cl)C1Cl,-4.162745413258964
CCOP(=S)(NC(C)C)Oc1ccccc1C(=O)OC(C)C,-4.9450237542257085
Clc1cccc(Cl)c1Cl,-4.0181636922555715
ClC(Cl)(Cl)Cl,-2.610097570659364
O=N(=O)c1cc(Cl)c(Cl)cc1,-3.5595468831752357
OC1CCCCCCC1,-2.051447624378323
CC1(O)CCC2C3CCC4=CC(=O)CCC4(C)C3CCC21C,-4.036829251452031
CCOc1ccc(NC(N)=O)cc1,-2.210653772730014
c1cnc2c(c1)ccc3ncccc23,-3.1073352658075293
COc1ccc(C=CC)cc1,-3.2314505179869766
CCCCCCCCCCCCCCCCO,-5.207131806671823
O=c1cc[nH]c(=O)[nH]1 ,-0.2593534640635866
Nc1ncnc2nc[nH]c12 ,-1.2931443721411238
Clc1cc(Cl)c(cc1Cl)c2cccc(Cl)c2Cl ,-6.684451177547353
COc1ccc(cc1)C(O)(C2CC2)c3cncnc3 ,-4.5001008145797154
c1ccc2c(c1)c3cccc4c3c2cc5ccccc54,-6.23420460442674
O=C(Nc1ccccc1)Nc2ccccc2,-3.542078345645294
CCC1(C(=O)NC(=O)NC1=O)c2ccccc2 ,-2.1838304937500252
CC(C)c1ccc(NC(=O)N(C)C)cc1,-2.9043547267081475
CCN(CC)C(=O)CSc1ccc(Cl)nn1,-2.64796705664914
Cc1c(cc(cc1N(=O)=O)N(=O)=O)N(=O)=O,-2.688624942251498
CC(C)OP(=S)(OC(C)C)SCCNS(=O)(=O)c1ccccc1,-4.573771141305921
C1CCCCCC1,-2.8631433243645867
CC(C)c1ccccc1C,-3.5702122333923727
Nc1cccc(Cl)c1,-2.292338362005857
CC(C)CC(C)C,-2.590128379109753
o1c2ccccc2c3ccccc13,-4.380859645331283
CCOC2Oc1ccc(OS(C)(=O)=O)cc1C2(C)C,-3.7287898496638245
CN(C)C(=O)Nc1cccc(c1)C(F)(F)F,-2.9722671535395997
CC12CC(=O)C3C(CCC4=CC(=O)CCC34C)C2CCC1(O)C(=O)CO,-2.998784814981788
OCC1OC(O)C(O)C(O)C1O,0.8413890559628987
Cc1cccc(O)c1,-2.3382789796523853
CC2Cc1ccccc1N2NC(=O)c3ccc(Cl)c(c3)S(N)(=O)=O ,-3.826077478345578
CCC(C)C(=O)OC2CC(C)C=C3C=CC(C)C(CCC1CC(O)CC(=O)O1)C23 ,-4.566481317638958
O=N(=O)c1ccc(cc1)N(=O)=O,-2.367172515764754
CCC1(C(=O)NC(=O)NC1=O)C2=CCC3CCC2C3,-2.9241272690157922
CCCCCCCCCC(=O)OCC,-3.880967198009379
CN(C)C(=O)Nc1ccccc1,-1.9931898834760933
CCCOCC,-1.0308833926718002
CC(C)O,-0.23450513986817967
Cc1ccc2ccccc2c1,-3.941439660702277
ClC(Br)Br,-2.5361020221527393
CCOC(=O)CC(SP(=S)(OC)OC)C(=O)OCC,-4.595053586111659
ClCc1ccccc1,-2.899892636280001
C/C=C/C=O,-0.6909332690784669
CON(C)C(=O)Nc1ccc(Br)c(Cl)c1,-3.4082641780639436
Cc1c2ccccc2c(C)c3ccccc13,-5.457553736132244
CCCCCC(=O)OC,-1.9134551641173896
CC(=O)Nc1ccc(F)cc1,-2.3421830010403433
C1CCC=CC1,-2.2767237372194
CC12CC(O)C3C(CCC4=CC(=O)CCC34C)C2CCC1(O)C(=O)CO,-3.361165853487925
c1cncnc1,-0.896371079984494
Clc1ccc(cc1)N(=O)=O,-2.971910367893595
CCC(=O)OC,-0.7450893822975972
Clc1ccccc1N(=O)=O,-2.741686589607555
CN1CC(O)N(C1=O)c2nnc(s2)C(C)(C)C,-2.446825986345975
O=N(=O)c1ccccc1,-2.251921401947639
Ic1ccccc1,-3.6245948659867904
CC2Nc1cc(Cl)c(cc1C(=O)N2c3ccccc3C)S(N)(=O)=O ,-3.5622113192159737
COc1ccccc1OCC(O)COC(N)=O,-2.0265817709984377
Oc1cccc(Cl)c1Cl,-3.0437826533971655
CCCC(=O)OC,-1.1322909337894278
Nc3nc(N)c2nc(c1ccccc1)c(N)nc2n3,-2.671057576388376
CCCCCC(=O)OCC,-2.300581662491769
OCC(O)C2OC1OC(OC1C2O)C(Cl)(Cl)Cl ,-1.8186980344030168
CN(C=Nc1ccc(C)cc1C)C=Nc2ccc(C)cc2C,-4.579881875460604
COc1nc(NC(C)C)nc(NC(C)C)n1,-3.3822841888596655
CCCCCCC=C,-3.128392652003353
Cc1ccc(N)cc1,-2.1230582719283
c1ccccc1(OC(=O)NC),-1.9151614388157403
CCCC(O)CC,-1.3670780396042657
c3ccc2c(O)c1ccccc1cc2c3 ,-4.51407419391254
Cc1ccc2cc3ccccc3cc2c1,-5.1659257310847515
Cc1cccc(C)c1C,-3.2700508651899463
CNC(=O)Oc1ccc(N(C)C)c(C)c1,-2.4600659607190076
CCCCCCCC(C)O,-2.6473294073781233
CN(C(=O)NC(C)(C)c1ccccc1)c2ccccc2,-4.0949874588240025
CCCC(=O)CC,-1.243783599043709
Oc1c(Br)cc(C#N)cc1Br ,-3.547201098695488
Clc1ccc(cc1Cl)c2ccccc2 ,-5.313439863018037
CN(C(=O)COc1nc2ccccc2s1)c3ccccc3,-4.4128464780494765
Oc1cccc2ncccc12 ,-2.527152718650588
ClCBr,-1.5180227538309286
CC(=O)OCC(=O)C3CCC4C2CCC1=CC(=O)CCC1(C)C2CCC34C ,-4.208610222219745
NC(=O)NCc1ccccc1 ,-1.579085768704362
CN(C)C(=O)Nc1ccc(C)c(Cl)c1,-2.8665126300691193
CON(C)C(=O)Nc1ccc(Cl)c(Cl)c1,-3.1846258476551412
OC1CCCCCC1,-1.9284623623646895
CS(=O)(=O)c1ccc(cc1)C(O)C(CO)NC(=O)C(Cl)Cl ,-2.2662246120274903
CCCC(C)C1(CC)C(=O)NC(=S)NC1=O ,-2.758774320716066
CC(=O)Nc1nnc(s1)S(N)(=O)=O ,-0.7931614581085209
Oc1ccc(cc1)N(=O)=O,-2.0710595580517444
ClC1=C(Cl)C2(Cl)C3C4CC(C=C4)C3C1(Cl)C2(Cl)Cl,-5.3123590981267395
C1CCOC1,-0.5833699619356856
Nc1ccccc1N(=O)=O,-1.8592959278826338
Clc1cccc(c1Cl)c2cccc(Cl)c2Cl,-6.148905779390253
CCCCC1C(=O)N(N(C1=O)c2ccccc2)c3ccccc3 ,-3.986242039895755
Cc1c(cccc1N(=O)=O)N(=O)=O,-2.4683534871358743
CC(=O)C1CCC2C3CCC4=CC(=O)CCC4(C)C3CCC12C,-4.1055420427288745
ClC(Cl)C(Cl)(Cl)SN2C(=O)C1CC=CCC1C2=O ,-4.2071377707235476
c1(Br)c(Br)cc(Br)cc1,-5.34624683993646
O=C1NC(=O)NC(=O)C1(C(C)CCC)CC=C,-2.5975543309981335
C1SC(=S)NC1(=O),-0.42154032934492625
Oc1ccc(c(O)c1)c3oc2cc(O)cc(O)c2c(=O)c3O ,-3.4201673002643886
ClC1(C(=O)C2(Cl)C3(Cl)C14Cl)C5(Cl)C2(Cl)C3(Cl)C(Cl)(Cl)C45Cl,-5.289371486789486
CCN(CC)C(=S)SSC(=S)N(CC)CC,-3.8709433252759613
C1CCCCC1,-2.8631433243645867
ClC1=C(Cl)C(Cl)(C(=C1Cl)Cl)C2(Cl)C(=C(Cl)C(=C2Cl)Cl)Cl,-7.872177137684177
CN(C)C=Nc1ccc(Cl)cc1C,-3.3150331703804286
CC34CCc1c(ccc2cc(O)ccc12)C3CCC4=O,-4.0482097218761846
CCCCCCCCO,-2.391492697720915
CCSCC,-1.420197613863053
ClCCCl,-1.3489754291599105
CCC(C)(C)Cl,-2.4734971442422715
ClCCBr,-1.6427430021381795
Nc1ccc(cc1)N(=O)=O,-1.873778660989731
OCC1OC(OC2C(O)C(O)C(O)OC2CO)C(O)C(O)C1O,0.33258775322831546
CCN2c1ncccc1N(CC)C(=O)c3cccnc23 ,-3.4670856736577935
Clc1ccccc1,-2.9157848253765755
CCCCCCCC=C,-3.6842965482748298
Brc1ccc(I)cc1,-4.867350728892024
NC(=O)NC1NC(=O)NC1=O ,0.6510744985945118
OCC(O)COC(=O)c1ccccc1Nc2ccnc3cc(Cl)ccc23,-4.4866001187731746
ClC(Cl)C(c1ccc(Cl)cc1)c2ccc(Cl)cc2,-6.368016354189542
CC(=O)OC3CCC4C2CCC1=CC(=O)CCC1(C)C2CCC34C ,-4.39243505237593
Clc1cccc2ccccc12,-4.161257447427079
CCN2c1ccccc1N(C)C(=O)c3ccccc23 ,-3.892665208602937
CCCCC(C)O,-1.3546209347288354
CCCC1CCCC1,-3.8274657091623268
CCOC(=O)c1cncn1C(C)c2ccccc2,-3.534307476829566
Oc1ccc(Cl)c(Cl)c1,-3.1360015773475336
CC1(C)C(C=C(Cl)Cl)C1C(=O)OC(C#N)c2cccc(Oc3ccccc3)c2,-7.483480568389694
c2ccc1ocnc1c2,-2.300787126697194
CCCCCO,-1.0600140764868267
Fc1cccc(F)c1,-2.8219450059453597
CC(C)(C)Cc1ccccc1,-3.8156069136352757
O=C1NC(=O)NC(=O)C1(CC)c1ccccc1,-2.1838303930075855
Clc1ccccc1I,-4.274902978614155
c2ccc1[nH]nnc1c2,-1.889126872394846
CNC(=O)Oc1cccc2CC(C)(C)Oc12,-3.2221312126900346
CC(C)C(C)O,-1.1055299136370693
c1ccccc1C(O)c2ccccc2,-3.2177693169144046
CCCCCCCCCC(=O)OC,-3.495793742938984
COP(=S)(OC)Oc1ccc(cc1Cl)N(=O)=O,-4.411758560444972
CCI,-2.123378532143572
CN(C)C(=O)Oc1nc(nc(C)c1C)N(C)C,-2.270421844285705
CCCCCCBr,-3.070477668362423
ON=Cc1ccc(o1)N(=O)=O ,-1.9010427888851114
CC(C)C(Nc1ccc(cc1Cl)C(F)(F)F)C(=O)OC(C#N)c2cccc(Oc3ccccc3)c2,-6.34246746706963
Nc1nc[nH]n1,-0.5476460884230585
BrC(Br)Br,-2.895921237089204
COP(=O)(OC)C(O)C(Cl)(Cl)Cl,-1.8769891210527314
CCOP(=S)(OCC)SCn1c(=O)oc2cc(Cl)ccc12,-5.236683392399213
O=c2c(C3CCCc4ccccc43)c(O)c1ccccc1o2 ,-4.817038141225912
Oc1ccc(Br)cc1,-2.8711960453405148
CC(C)Br,-1.9503310274260632
CC(C)CC(C)(C)C,-2.9086204386396344
O=N(=O)c1cc(cc(c1)N(=O)=O)N(=O)=O,-2.4420688276088423
CN2C(=O)CN=C(c1ccccc1)c3cc(ccc23)N(=O)=O,-3.3049092604045556
CCC,-1.6602102300164074
Nc2cccc3nc1ccccc1cc23 ,-3.425245172557771
OC(c1ccc(Cl)cc1)(c2ccc(Cl)cc2)C(Cl)(Cl)Cl,-6.26615124091156
C1Cc2cccc3cccc1c23,-4.817746159090942
CCOP(=S)(OCC)SC(CCl)N2C(=O)c1ccccc1C2=O,-5.375972105629603
Brc1ccc(Br)cc1,-4.39221553460019
Oc1ccc(cc1)c2ccccc2,-3.841561792786501
CCOC=C,-1.0868921593539211
CCC#C,-1.1135369227310599
COc1ncnc2nccnc12 ,-1.6813874997152742
CCCCC(C)(O)CC,-2.1197621807916978
Clc1ccc(Cl)cc1,-3.623044590956055
O=C1N(COC(=O)C)C(=O)C(N1)(c2ccccc2)c3ccccc3,-3.32577715007162
CSCS(=O)CC(CO)NC(=O)C=Cc1c(C)[nH]c(=O)[nH]c1=O,-1.7528354482254076
Cc1c[nH]c2ccccc12 ,-3.1744772809671926
COc2ncc1nccnc1n2,-1.7371413880253797
CNC(=O)Oc1ccccc1C2OCCO2,-1.7625272738781286
C1N(C(=O)NCC(C)C)C(=O)NC1,-1.3895621402287397
CC#N,-0.4777018215653772
CC(=O)N(S(=O)c1ccc(N)cc1)c2onc(C)c2C ,-3.3029112859725402
ClCC(Cl)(Cl)Cl,-2.7066779874156035
CCCCO,-0.6904754954332342
CC1CCCCC1NC(=O)Nc2ccccc2,-3.772486379098562
Clc1cc(Cl)cc(Cl)c1,-4.107394595449426
O=Cc1ccco1,-1.3271920929448202
CC(C)CCO,-1.1026789025983184
O=Cc2ccc1OCOc1c2 ,-2.293207215175599
CC(=C)C,-1.6720626787697677
O=Cc1ccccc1,-1.9209533231493048
CCOC(=O)CCN(SN(C)C(=O)Oc1cccc2CC(C)(C)Oc21)C(C)C,-4.867167579136955
O2c1ccccc1N(C)C(=O)c3cccnc23 ,-2.9279843003521107
C1c2ccccc2c3ccccc13,-4.480581664693103
CC1CCCCC1,-2.92651744635771
NC(=N)NS(=O)(=O)c1ccc(N)cc1 ,-1.380285977881527
COC(=O)c1ccc(O)cc1,-2.164284445632058
CC1CCCO1,-1.1305293514917742
CC3C2CCC1(C)C=CC(=O)C(=C1C2OC3=O)C,-3.103385985878612
OCC2OC(Oc1ccccc1CO)C(O)C(O)C2O,-1.0933449140908145
CCCI,-2.3937042964959576
CCNc1nc(NC(C)C)nc(SC)n1,-3.449278540788585
CCCO,-0.3991021672728787
OC(C(=O)c1ccccc1)c2ccccc2,-3.123187214595913
Cc1ccc(O)c(C)c1,-2.7003560215508324
Cc2c(N)c(=O)n(c1ccccc1)n2C,-2.0900990731837457
Clc1ccc(c(Cl)c1)c2cc(Cl)ccc2Cl ,-6.32249809922075
ClC(=C(Cl)C(=C(Cl)Cl)Cl)Cl,-4.455438064407429
CCNc1nc(NC(C)(C)C)nc(SC)n1,-3.6556076704283704
CCC(C)CCO,-1.4925876049252487
Cc2ncc1nccnc1n2,-1.4310625852241223
CCCCI,-2.6370369301153036
Brc1ccc2ccccc2c1,-4.636740303877737
CC1OC(CC(O)C1O)OC2C(O)CC(OC2C)OC8C(O)CC(OC7CCC3(C)C(CCC4C3CC(O)C5(C)C(CCC45O)C6=CC(=O)OC6)C7)OC8C ,-3.779791515616334
FC(F)(F)c1ccccc1,-3.377193320791583
CCCCCCOC(=O)c1ccccc1C(=O)OCCCCCC,-5.473406364932095
Clc1ccc(c(Cl)c1)c2ccc(Cl)c(Cl)c2Cl ,-6.723464291710695
CC(=O)CC(c1ccccc1)c3c(O)c2ccccc2oc3=O ,-4.670540903477262
c1ccccc1C(O)C(O)c2ccccc2,-2.669084837937463
COC(=O)c1ccccc1C(=O)OC,-2.5779765741973235
CCCCCCCC(=O)OCC,-3.112475913233545
Clc1cc(Cl)c(Cl)cc1Cl,-4.6706488993724395
CCCCCC=C,-2.6444240709788547
CCCCc1c(C)nc(NCC)[nH]c1=O,-2.8615840832567327
Nc1ccccc1Cl,-2.199416507683655
COc1cccc(Cl)c1,-3.0196605751519408
CCCCN(CC)C(=O)SCCC,-3.1139794563651426
CCCCOC=O,-1.215530583361884
CC12CC(O)C3C(CCC4=CC(=O)C=CC34C)C2CCC1(O)C(=O)CO,-3.295423251555798
BrC(Cl)Cl,-2.189526320167496
CC34CC(=O)C1C(CCC2=CC(=O)CCC12C)C3CCC4(=O) ,-3.0220034035472785
c1ccc(cc1)c2ccc(cc2)c3ccccc3,-5.232503185613279
CBr,-1.2087868844596226
Cc1cc(ccc1NS(=O)(=O)C(F)(F)F)S(=O)(=O)c2ccccc2,-4.567714505841267
CCc1ccc2ccccc2c1,-4.352823830349088
Nc1c(C)c[nH]c(=O)n1 ,-0.7774625622713955
Clc2c(Cl)c(Cl)c(c1ccccc1)c(Cl)c2Cl ,-6.942640349095679
Cc3cc2nc1c(=O)[nH]c(=O)nc1n(CC(O)C(O)C(O)CO)c2cc3C,-2.178684469196299
Fc1ccccc1Br,-3.5086415773661384
Oc1ccc(Cl)cc1Cl,-3.1561347524030925
CC1(C)C(C=C(Cl)Cl)C1C(=O)OCc2cccc(Oc3ccccc3)c2,-7.470014125012593
CN2C(=C(O)c1ccccc1S2(=O)=O)C(=O)Nc3ccccn3 ,-3.3108327647353684
C1CCCC1,-2.8631433369573918
Cc1ccccc1N,-1.931955606455456
c1(OC)ccc(CC=C)cc1,-3.3397381884556014
CN(C)C(=O)Nc1cccc(OC(=O)NC(C)(C)C)c1 ,-3.064058687528383
CC(C)C=C,-2.0721322635478794
Oc1ccccn1,-1.426606142668992
CC,-1.3861770935180302
Clc1ccccc1Cl,-3.460419042721774
Sc2nc1ccccc1s2 ,-3.641242151149669
Clc1c(Cl)c(Cl)c(c(Cl)c1Cl)c2c(Cl)c(Cl)c(Cl)c(Cl)c2Cl ,-9.163266452659698
CC(=O)N,0.17635678097209873
Cc1cccc2ccccc12,-3.7961017165765387
CCCC(=O)OCC,-1.5536666378465676
CC2=CC(=O)c1ccccc1C2=O ,-2.450310566586942
c1ccc2c(c1)ccc3ccccc32,-4.596572278387602
Cc1ccnc(C)c1,-2.184891110153416
BrCBr,-1.8348591365527143
CC1CC2C3CCC4=CC(=O)C=CC4(C)C3(F)C(O)CC2(C)C1(O)C(=O)CO,-3.5216637969561226
CCSC(=O)N(CC(C)C)CC(C)C,-3.6794407626893952
O=N(=O)OCC(CON(=O)=O)ON(=O)=O ,-1.9713750148774296
Nc1cccc(c1)N(=O)=O,-1.8570552145425665
Cn2cc(c1ccccc1)c(=O)c(c2)c3cccc(c3)C(F)(F)F,-4.94990815066397
Nc3cc2c1ccccc1ccc2c4ccccc34 ,-4.999832879937884
CC12CCC3C(CCc4cc(O)ccc34)C2CCC1=O,-3.8692297971219642
CCN2c1ccccc1N(C)C(=S)c3cccnc23 ,-4.082174632394586
CCNC(=S)NCC,-1.5338758863429773
Oc1cc(Cl)cc(Cl)c1Cl,-3.65360007509338
Nc1ccccc1,-1.7064354954258334
Cc1cccc2c(C)cccc12,-4.2414797601931165
C1=Cc2cccc3cccc1c23,-5.095001844745063
CCCCCOC(=O)CC,-2.2350808927857386
c1ccc2c(c1)cc3ccc4cccc5ccc2c3c45,-6.128578171426398
CCC#CCC,-1.7312715290436176
CCC(=C)C,-1.9975525348200196
C1CCc2ccccc2C1,-3.4062917418403496
Oc1ccc(cc1)C2(OC(=O)c3ccccc23)c4ccc(O)cc4 ,-5.169609277643794
Brc1cc(Br)cc(Br)c1,-5.29376687942626
COP(=S)(OC)Oc1cc(Cl)c(Cl)cc1Cl,-5.496549119626228
Cc1cc(=O)[nH]c(=S)[nH]1,-0.9029358603141469
O=C1NC(=O)NC(=O)C1(C(C)C)CC=C,-1.8796067118590871
c1cc2ccc3cccc4ccc(c1)c2c34,-5.626231839762378
CCOC(C)OCC,-0.911428850936439
CC1(C)CON(Cc2ccccc2Cl)C1=O,-2.7805062656941906
Clc1c(Cl)c(Cl)c(N(=O)=O)c(Cl)c1Cl,-5.405676819865082
FC(F)(F)c1cccc(c1)N2CC(CCl)C(Cl)C2=O,-4.6920385341338395
c1ccc2ncccc2c1,-2.6446720233081527
COC(=O)c1cc(O)c(O)c(O)c1 ,-1.8414853697704814
Clc2ccc1oc(=O)[nH]c1c2,-2.9567905903636436
Clc1ccc(c(Cl)c1)c2c(Cl)c(Cl)c(Cl)c(Cl)c2Cl,-7.788722906715518
O=C1NC(=O)C(=O)C(=O)N1 ,0.578748680466298
ClCCCCl,-1.6597366398081683
Fc1cccc(Br)c1,-3.5300811300063266
Clc1ccc(Br)cc1,-3.9917765272963157
CC(C)C(C)C,-2.7032829672033807
CCC=C,-1.7047054455117532
Clc1ccc(Cl)c(c1)c2cc(Cl)c(Cl)c(Cl)c2Cl,-7.283996837144877
FC(F)(Cl)C(F)(Cl)Cl,-3.138088381425606
ClC(Cl)C(c1ccc(Cl)cc1)c2ccccc2Cl ,-6.355103994229866
COc1ccccc1N(=O)=O,-2.4672171124179556
c1cc2ccc3ccc4ccc5cccc6c(c1)c2c3c4c56,-6.604521723053034
OCC(O)CO,0.7382400810355234
COc1ccccc1O ,-2.0363846148195224
Cc1c2ccccc2cc3ccccc13,-5.103908483824073
CCCCOC,-1.2525772051055641
CCNc1nc(Cl)nc(NCC)n1 ,-2.839265615795654
CN(C)C(=O)C,-0.39556127200821356
CSc1nc(nc(n1)N(C)C)N(C)C,-2.636559335395093
C=C,-0.9262212663026568
CC(C)(C)CCO,-1.4628319150153666
O=C1NC(=O)NC(=O)C1(CC)CC=C,-1.4547840044909262
COc1ccccc1,-2.3498853146259693
c1ccc(Cl)cc1C(c2ccc(Cl)cc2)(O)C(=O)OC(C)C,-5.513375323361714
CC13CCC(=O)C=C1CCC4C2CCC(C(=O)CO)C2(CC(O)C34)C=O ,-3.4362209102311057
COc2ccc(Oc1ccc(NC(=O)N(C)C)cc1)cc2,-3.943371598465179
O=N(=O)c1cccc(c1)N(=O)=O,-2.3227240951325707
CCOP(=S)(OCC)SCSP(=S)(OCC)OCC,-5.11322695799589
CC(=O)OCC(=O)C3(O)CCC4C2CCC1=CC(=O)CCC1(C)C2C(=O)CC34C ,-3.3795703134667274
Nc1ccc(Cl)cc1,-2.33800682395199
CCCC(C)(C)CO,-1.7255520785240765
c1ccoc1,-1.5626376513444382
COCCCNc1nc(NC(C)C)nc(SC)n1,-3.4043010712352006
CN(C)C(=O)NC1CC2CC1C3CCCC23,-3.6260170973768813
CC(C)(C)c1ccccc1,-3.668709879515343
CC(=O)CCC1C(=O)N(N(C1=O)c2ccccc2)c3ccccc3,-3.123572919618466
CC(=O)OCC(=O)C3(O)CCC4C2CCC1=CC(=O)C=CC1(C)C2C(O)CC34C ,-3.660764121824588
CCCOC,-0.8249694729965453
CC(C)OC(=O)C,-1.0498658875830265
Brc1ccccc1,-3.2186147978381756
O=C1N(COC(=O)CCC)C(=O)C(N1)(c2ccccc2)c3ccccc3,-3.764422249041357
c1cc2ccc3ccc4ccc5ccc6ccc1c7c2c3c4c5c67,-7.123396463801285
O=c1[nH]cnc2[nH]ncc12 ,-0.9987187495478329
ClC=C,-1.2943816907834538
CN(C)C(=O)C(c1ccccc1)c2ccccc2 ,-3.574725041342421
BrC(Br)(Br)Br,-4.104784459583595
CCN2c1cc(N(C)C)cc(C)c1NC(=O)c3cccnc23 ,-4.0147297854616895
COC(=O)c1ccccc1,-2.2935161418664234
Cn1ccc(=O)[nH]c1=O,-0.5796612297667605
CCCCC1C(=O)N(N(C1=O)c2ccc(O)cc2)c3ccccc3 ,-3.878153461673255
Clc1ccc(Cl)c(c1)c2cccc(Cl)c2Cl ,-6.255088310656811
CCC2NC(=O)c1cc(c(Cl)cc1N2)S(N)(=O)=O,-2.4243837945763467
C1CC=CC1,-2.1024426413298234
C1(=O)NC(=O)NC(=O)C1(O)C2(O)C(=O)NC(=O)NC2(=O),0.8429670855357254
CCCCCCCCC,-3.8795086489698374
Oc1ccccc1Cl,-2.508225178740126
c1cccc2c3c(C)cc4ccccc4c3ccc12,-5.7017783936824245
CCOc1ccccc1,-2.7795665150326276
CCOC(=O)C=Cc1ccccc1,-3.0770385638117514
Cc1[nH]c(=O)n(c(=O)c1Cl)C(C)(C)C,-2.706875467782696
CC(OC(=O)Nc1cccc(Cl)c1)C#C,-3.7383511131149123
CCCCCC(C)C,-3.230692053345351
CC1(C)C(C=C(Cl)C(F)(F)F)C1C(=O)OC(C#N)c2cccc(Oc3ccccc3)c2,-7.247943132885222
CCOP(=S)(OCC)Oc1ccc(cc1)S(C)=O ,-4.267692539989543
CC1(C)C2CCC1(C)C(O)C2,-3.8179052516507554
CC12CCC3C(CCC4=CC(=O)CCC34C)C2CCC1O,-4.080316135870103
CCCCCCC,-2.853643110831855
Oc1cccc2ccccc12,-3.138602016753559
C1Cc2c3c1cccc3cc4c2ccc5ccccc54,-6.07419337286953
CCCCCC(=O)C,-1.5965811037232192
CCCCSP(=O)(SCCCC)SCCCC,-5.06759425961579
c1cC2C(=O)NC(=O)C2cc1,-0.5957610805132227
NS(=O)(=O)c2cc1c(NC(NS1(=O)=O)C(Cl)Cl)cc2Cl ,-2.858194175723316
CC=C(C)C,-1.9575159782134741
Cc1ccc(C)c(C)c1,-3.43245626600824
c1ccc2c(c1)cnc3ccccc23 ,-3.6488736931715238
CCCCCCCC,-3.349921763141287
c1ccc2cc3ccccc3cc2c1,-4.7345669549822045
NNc1ccccc1,-1.6092768674379005
CCC=O,-0.4745606723007745
C1CCCCCCC1,-2.8631433243645867
O=C1NC(=O)NC(=O)C1(CC=C)CC=C,-1.5918976884518234
ClC(Cl)Cl,-1.85924938487557
Clc1ccc(CN(C2CCCC2)C(=O)Nc3ccccc3)cc1,-5.375749263353359
CC1=CCCCC1,-2.4822694936493854
CCCCC(CC)C=O,-2.277783144713516
COc2c1occc1c(OC)c3c(=O)cc(C)oc23 ,-4.7963710312408345
O=C1NC(=O)NC(=O)C1(CC)CCC(C)C,-2.2490881215782457
c1ccc2c3c(ccc2c1)c4cccc5cccc3c45,-6.095097227587507
CCC(CC)C=O,-1.4299545191317116
CCCOCCC,-1.445971055880681
Oc1c(Cl)ccc(Cl)c1Cl,-3.5616730019903353
NC(=O)N,0.7796101653141521
CCCC#C,-1.369178015756307
Brc1cccc(Br)c1,-4.295495942163738
CCCCCCCCCCCCCCCCCCO,-5.521805047731981
CC(=O)Nc1ccccc1,-1.9757610384673272
c1nccc(C(=O)NN)c1,-0.9089213716164917
OC1C=CC2C1C3(Cl)C(=C(Cl)C2(Cl)C3(Cl)Cl)Cl ,-4.735115195338137
CC(C)CCOC=O,-1.648664239764103
CC(=O)c1ccccc1,-2.1017572905136883
c2ccc1nc(ccc1c2)c4ccc3ccccc3n4 ,-4.310060881101492
CCOP(=O)(OCC)OCC,-0.974905654661055
CC2(C)C1CCC(C)(C1)C2=O,-2.5238961689215014
COc2cnc1cncnc1n2,-1.6130205572333431
ClC2=C(Cl)C3(Cl)C1C=CCC1C2(Cl)C3(Cl)Cl ,-5.2637635646000085
CC(C)N(=O)=O,-1.0439799098109392
c1ccc2c(c1)[nH]c3ccccc32,-4.032395375203356
O=C1CCC(=O)N1,0.34553920125452864
CCC(C)C(C)C,-2.9535629883449164
CCCCc1c(C)nc(NCC)nc1OS(=O)(=O)N(C)C ,-3.1703938624800387
CCN2c1ncccc1N(C)C(=S)c3cccnc23 ,-3.5806554465303417
O2c1ccccc1N(CC)C(=O)c3ccccc23 ,-3.879896708846914
CCCCCC#C,-2.128205001679103
c1cc(C)cc2c1c3cc4cccc5CCc(c45)c3cc2,-6.25830783753937
ClCC(C)C,-2.0122560953545703
CC34CCC1C(CCc2cc(O)ccc12)C3CCC4(O)C#C ,-4.321449813890567
CCCSCCC,-2.1871451214955018
c1ccc2cc3cc4ccccc4cc3cc2c1,-5.543176951824023
CCCCCBr,-2.5039597438503485
CCCC/C=C/C,-2.736902054112479
Cc1ncc(N(=O)=O)n1CCO ,-1.3780620885288617
CCCCCC1CCCC1,-4.613917607913996
Clc1ccc(Cl)c(c1)c2c(Cl)c(Cl)cc(Cl)c2Cl ,-7.320021930551704
O=C1NC(=O)NC(=O)C1(CC)C(C)C,-1.685419514372657
CC(Cl)(Cl)Cl,-2.3102039254899935
CON(C)C(=O)Nc1ccc(Cl)cc1,-2.6835774689892444
CN(C)C(=O)OC1=CC(=O)CC(C)(C)C1 ,-2.096278715167068
CCOCC,-0.6446046419260809
CC(C)NC(=O)N1CC(=O)N(C1=O)c2cc(Cl)cc(Cl)c2,-3.57480281450574
CCCCN(CC)c1c(cc(cc1N(=O)=O)C(F)(F)F)N(=O)=O,-5.422796788554243
Cc1cc(C)c(O)c(C)c1,-2.9513932354606944
Clc1ccc(I)cc1,-4.450453529984272
COc1ccc(NC(=O)N(C)C)cc1Cl,-2.674523972619007
CC(C)N(C(=O)CCl)c1ccccc1 ,-3.4202715686893037
COCOC,0.10719830514276563
Cc1ccccc1C,-2.9498824325770476
CCC(C)O,-0.7215593736659036
Oc1ccc(O)cc1,-1.6899688414570357
CC34CCC1C(CCc2cc(O)ccc12)C3CC(O)C4O ,-3.991983955979312
C1c2ccccc2c3cc4ccccc4cc13,-5.431789058706855
O=C1CNC(=O)N1 ,0.7943552317337899
c1(O)cc(O)ccc1CCCCCC,-3.908367025970809
C=CCS(=O)SCC=C,-1.9285071927502813
Cc1c(C)c2c3ccccc3ccc2c4ccccc14,-5.93520164835088
CCCCC(=O)OC3(C(C)CC4C2CCC1=CC(=O)C=CC1(C)C2(F)C(O)CC34C)C(=O)CO,-4.722973313556002
O=c2[nH]c(=O)c1[nH]c(=O)[nH]c1[nH]2 ,-0.5644604045506805
Oc1c(Cl)cc(Cl)c(Cl)c1Cl,-4.138445430161929
Clc1cccc(Cl)c1,-3.5519041083713727
Clc1ccc(cc1)C(c2ccc(Cl)cc2)C(Cl)(Cl)Cl,-6.760542748065268
CC(C)COC=O,-1.2243165329983345
c1ccccc1SC,-2.892946986564893
CCCCCC,-2.388460753260765
COC(=O)c1cccnc1 ,-1.724712491033018
NS(=O)(=O)c3cc2c(NC(Cc1ccccc1)NS2(=O)=O)cc3C(F)(F)F,-3.7460330263565336
Clc1ccc(cc1Cl)c2cc(Cl)c(Cl)c(Cl)c2Cl ,-7.152641188057861
CC1(OC(=O)N(C1=O)c2cc(Cl)cc(Cl)c2)C=C,-4.280588478931574
CCNc1nc(Cl)nc(NC(C)(C)C#N)n1,-2.979005604390401
CC=C(C(=CC)c1ccc(O)cc1)c2ccc(O)cc2,-4.961341813096197
CCCCC(CC)COC(=O)c1ccccc1C(=O)OCC(CC)CCCC,-6.393590023949578
CCc1ccccn1,-2.192791785602481
c1ccc(cc1)c2ccccc2,-3.9108526441813782
Clc1cc(Cl)c(c(Cl)c1)c2c(Cl)cc(Cl)cc2Cl ,-7.099071194351927
CN(C)c1nc(nc(n1)N(C)C)N(C)C,-2.455369348188033
CC(C)CC(C)(C)O,-1.6392746414299775
OCC1OC(O)(CO)C(O)C1O,0.663443655320231
ClCC#CCOC(=O)Nc1cccc(Cl)c1,-4.215082722474786
CC(=O)Nc1ccc(Cl)cc1,-2.614650247429857
Clc1ccc(Cl)c(c1)c2c(Cl)c(Cl)c(Cl)c(Cl)c2Cl,-7.881337849195686
CCC(C)(C)C,-2.523502417096591
C=CCC=C,-1.5689199498736437
CC(=O)OCC(=O)C1(O)CCC2C3CCC4=CC(=O)CCC4(C)C3C(O)CC21C,-3.7139141706713334
Clc1cccc(Br)c1,-3.903945541042196
O=C1NC(=O)NC(=O)C1(C)CC,-0.839273287531034
OCCOc1ccccc1,-2.0703742072356093
C(c1ccccc1)c2ccccc2,-4.014251661843671
CCN(Cc1c(F)cccc1Cl)c2c(cc(cc2N(=O)=O)C(F)(F)F)N(=O)=O,-6.03981924656175
CC(C)Nc1nc(Cl)nc(NC(C)C)n1,-3.402490477740715
CCCC(C)CO,-1.39688057474853
CCCCC(C)(C)O,-1.6911503487878652
CCc1ccccc1,-2.9143930874636506
O=C1NC(=O)NC(=O)C1(CC)CC=C(C)C,-1.9707260320819655
CCC(C)C1(CC(Br)=C)C(=O)NC(=O)NC1=O ,-2.8820146751793994
CC1(C)C(C(=O)OC(C#N)c2cccc(Oc3ccccc3)c2)C1(C)C,-7.027525525675448
CCOC(=O)CC,-1.124390510196462
CC(C#C)N(C)C(=O)Nc1ccc(Cl)cc1,-3.277901673131443
Cc1cc2ccccc2cc1C,-4.4052242043320575
Clc1ccc(cc1)c2cc(Cl)ccc2Cl ,-5.883940872843895
Clc1ccc(c(Cl)c1)c2cc(Cl)c(Cl)c(Cl)c2Cl ,-7.230100437934859
NC(N)=NC#N ,0.2803866477907402
ClC(Cl)(Cl)N(=O)=O,-2.0558862355216565
COc1ccc(C=O)cc1,-2.264397849371459
CC(=O)Nc1ccc(cc1)N(=O)=O,-2.155691216282431
CCCCCCC(=O)OCC,-2.6736116994578265
CC(=O)Nc1ccc(O)cc1,-1.8034962017625413
c2ccc1[nH]ncc1c2 ,-2.172761468577684
CC5(C)OC4CC3C2CCC1=CC(=O)C=CC1(C)C2(F)C(O)CC3(C)C4(O5)C(=O)CO ,-3.758037193223829
COC(=O)C,-0.33670753883371374
CC34CCC1C(CCC2CC(=O)CCC12C)C3CCC4O ,-3.9427668416006694
CCCC(O)C=C,-1.2686405870889157
OC(C1=CC2C5C(C1C2=C(c3ccccc3)c4ccccn4)C(=O)NC5=O)(c6ccccc6)c7ccccn7 ,-4.741002784989257
CCCCOCCCC,-2.2975555610931115
CCN2c1nc(N(C)(CCO))ccc1NC(=O)c3cccnc23 ,-3.0551248416942967
CCCC(C)(C)O,-1.2630185545084018
Nc1nc(=O)[nH]cc1F,-0.6824080408755244
CCCCOc1ccc(C(=O)OCC)c(c1)N(CC)CC ,-5.170474453714494
CCCCCC(C)(C)O,-2.1092199882068883
Cc1c(C)c(C)c(C)c(C)c1C,-4.361685941269825
CC(C)c1ccc(C)cc1O,-3.463271816753217
c2cnc1ncncc1n2,-1.1637497753820352
CCOP(=S)(OCC)Oc1ccc(cc1)N(=O)=O,-4.321052485709053
O=N(=O)c1cccc2ccccc12,-3.4561373882992314
CCC(C)C(=O)C,-1.3168767723338366
Nc1nc(O)nc2nc[nH]c12 ,-1.587305243603325
OC(CC(c1ccccc1)c3c(O)c2ccccc2oc3=O)c4ccc(cc4)c5ccc(Br)cc5 ,-6.286396643044757
C=CCCC=C,-2.0061140303011933
c2ccc1[nH]ccc1c2,-2.805852660510643
CC34CCC1C(CCC2=CC(=O)CCC12C)C3CCC4=O,-3.6503501743653026
Cc1cccc(C)c1NC(=O)c2cc(c(Cl)cc2O)S(N)(=O)=O,-3.780782720478888
CCC1CCCCC1,-3.317145160068384
CCCCCCCC(=O)C,-2.283046131239539
COC(=O)Nc2nc1ccc(cc1[nH]2)C(=O)c3ccccc3,-3.9494214841863844
CC(C)OC(=O)Nc1cccc(Cl)c1,-3.7958564591074984
CCN2c1nc(Cl)ccc1N(C)C(=O)c3cccnc23 ,-3.596022194544331
CNC(=O)Oc1cccc2ccccc12,-3.045311407324256
C#C,-0.32907730646357214
Cc1cncc(C)c1,-2.115057307380682
CCOC(=O)N(C)C(=O)CSP(=S)(OCC)OCC,-3.359422832984755
CC(O)c1ccccc1,-2.067823610151542
CCCC=C(CC)C=O,-2.134676695994628
CCOP(=S)(OCC)SCCSCC,-4.107773890734263
CC(=O)OC3(C)CCC4C2CCC1=CC(=O)CCC1(C)C2CCC34C ,-4.388036133753773
Clc1ccc(cc1)c2c(Cl)cccc2Cl ,-5.7484350382179255
Fc1cccc(F)c1C(=O)NC(=O)Nc2ccc(Cl)cc2,-4.463220216376384
Oc1cc(Cl)ccc1Oc2ccc(Cl)cc2Cl,-5.594984557292787
CC12CC(O)C3C(CCC4=CC(=O)CCC34C)C2CCC1C(=O)CO,-3.7752188666572035
Cc1cc(C)cc(C)c1,-3.482116143408625
CCCCCCCCOC(=O)c1ccccc1C(=O)OCCCCCCCC ,-5.894138828512824
CCCCCCCCCCCCCCCO,-5.015812242726666
Clc1cccc(Cl)c1c2c(Cl)cccc2Cl ,-6.2020423791213215
O=C1NC(=O)NC(=O)C1(C)C,-0.4273580037430107
CC(C)I,-2.4571605487629093
O=N(=O)c1ccccc1N(=O)=O,-2.3332072526478145
CCCCCCCCCCCCCCCC,-5.820418130566852
CC12CCC(CC1)C(C)(C)O2,-2.722313163659725
Cc2cccc3sc1nncn1c23 ,-3.6015134634383323
CCCCCCC(=O)C,-1.9231079017035724
Fc1ccc(F)cc1,-2.876125524020467
CCCN(CCC)c1c(cc(cc1N(=O)=O)C(F)(F)F)N(=O)=O,-5.455162110617758
CCO,0.023990893150960257
O=C2NC(=O)C1(CCCC1)C(=O)N2,-1.100545580698792
c1c(NC(=O)OC(C)C(=O)NCC)cccc1,-2.6668336977549045
CC(C)=CC3C(C(=O)OCc2cccc(Oc1ccccc1)c2)C3(C)C ,-7.147029028236422
CN(C)C(=O)NC1CCCCCCC1,-2.275622068271899
CCCCCCCCBr,-4.1826462762489625
CCCCNC(=O)n1c(NC(=O)OC)nc2ccccc12,-3.474730916651425
CN(C)c2c(C)n(C)n(c1ccccc1)c2=O ,-2.5777004643561767
Cc1ccc(cc1)N(=O)=O,-2.7544032070072193
CC(C)CCCO,-1.5247486213213928
CC34CCC1C(CCC2=CC(=O)CCC12O)C3CCC4(O)C#C,-3.6122268174279064
CC(C)OC(=O)C(O)(c1ccc(Br)cc1)c2ccc(Br)cc2 ,-5.798699873967699
Nc2cnn(c1ccccc1)c(=O)c2Cl,-2.402121730288601
CCC(C)(C)O,-1.0408069259354444
Cc1ccc(O)cc1,-2.3847176679199595
CN(C)c1ccccc1,-2.3547829586950297
C1CCC2CCCCC2C1,-3.8349332424926246
c1ccc2c(c1)c3cccc4ccc5cccc2c5c43,-6.050271879117815
ClC(=C(Cl)Cl)Cl,-3.023419870580907
C=CC#N,-0.4162708953027736
CC1CC2C3CC(F)C4=CC(=O)C=CC4(C)C3(F)C(O)CC2(C)C1(O)C(=O)CO,-3.6331255342814677
BrCCBr,-1.9754249616890491
CNC(=O)Oc1ccccc1C(C)C,-2.844282072979337
O=C1NCCN1c2ncc(s2)N(=O)=O,-1.7669400949569416
COc1ccccc1Cl,-2.87326718396924
COP(=S)(OC)Oc1cc(Cl)c(Br)cc1Cl,-5.745250771189204
ClC(Cl)CC(=O)NC2=C(Cl)C(=O)c1ccccc1C2=O,-3.9320774643117042
ClC(Cl)C(c1ccc(Cl)cc1)c2ccc(Cl)cc2 ,-6.368016354189542
CN(C)C(=O)Nc2ccc(Oc1ccc(Cl)cc1)cc2,-4.288147385654527
N(=Nc1ccccc1)c2ccccc2,-3.892826698733507
CC(C)c1ccc(C)cc1,-3.9223995411156385
Oc1c(Cl)cccc1Cl,-3.0184628986595667
OCC2OC(OC1(CO)OC(CO)C(O)C1O)C(O)C(O)C2O ,0.17911732530015012
OC1C(O)C(O)C(O)C(O)C1O,1.091231514911133
Cn2c(=O)n(C)c1ncn(CC(O)CO)c1c2=O,-1.3145820610461805
OCC(NC(=O)C(Cl)Cl)C(O)c1ccc(cc1)N(=O)=O,-2.602019034433306
CCC(O)(CC)CC,-1.629253690227306
CC45CCC2C(CCC3CC1SC1CC23C)C4CCC5O,-4.680231520220708
CCCN(CCC)c1c(cc(cc1N(=O)=O)S(N)(=O)=O)N(=O)=O,-3.880226338109062
C2c1ccccc1N(CCF)C(=O)c3ccccc23 ,-3.9347990213156567
CC(C)C(=O)C(C)C,-1.6144480776015093
O=C1NC(=O)NC(=O)C1(C(C)C)CC=C(C)C,-2.319796217612457
c1c(O)C2C(=O)C3cc(O)ccC3OC2cc1(OC),-1.4291005254718003
Cn1cnc2n(C)c(=O)n(C)c(=O)c12,-1.3640275585352417
Cc1ccc(O)cc1C,-2.6924164343344987
O(c1ccccc1)c2ccccc2,-4.564398971413835
Clc1cc(Cl)c(cc1Cl)c2cc(Cl)c(Cl)cc2Cl ,-7.155137988679218
NC(=O)c1cccnc1 ,-1.040049342790165
Sc1ccccc1,-2.6714276033687763
CNC(=O)Oc1cc(C)cc(C)c1,-2.743342845684678
ClC1CC2C(C1Cl)C3(Cl)C(=C(Cl)C2(Cl)C3(Cl)Cl)Cl,-5.633869325588165
NC(=O)c1ccccc1,-1.5757806107482013
COC(=O)c1ccccc1OC2OC(COC3OCC(O)C(O)C3O)C(O)C(O)C2O,-1.2948968876192197
CCCCC(O)CC,-1.8153871341278027
CCN2c1nc(C)cc(C)c1NC(=O)c3cccnc23 ,-3.5051831397882305
Oc1cc(Cl)cc(Cl)c1,-3.1410565936999473
Cc1cccc2c1ccc3ccccc32,-5.006932804106331
CC(C)N(C(C)C)C(=O)SCC(=CCl)Cl,-3.784302560573691
Cc1ccccc1,-2.6746499510396418
Clc1cccc(n1)C(Cl)(Cl)Cl,-3.9172611729873172
C1CCC=CCC1,-2.381458750743544
COC1=CC(=O)CC(C)C13Oc2c(Cl)c(OC)cc(OC)c2C3=O,-4.597043551519731
CCCCCCCCCCO,-3.4511529546185145
CNC(=O)C(C)SCCSP(=O)(OC)(OC),-1.7560697842465773
Oc1cc(Cl)c(Cl)c(Cl)c1Cl,-4.244921726382161
CC4CC3C2CCC1=CC(=O)C=CC1(C)C2(F)C(O)CC3(C)C4(O)C(=O)COC(C)=O ,-3.8697579897324297
CCCC,-1.9237523510892574
COc1ccccc1O,-2.0363846148195224
CC1CC2C3CCC(O)(C(=O)C)C3(C)CC(O)C2(F)C4(C)C=CC(=O)C=C14,-3.6601349852897114
CCOC(=O)c1ccccc1C(=O)OCC,-3.413412015981581
CC(C)CO,-0.7680000264110487
ICI,-3.0716050895960287
CCCC(O)CCC,-1.6791345965400237
Oc1c(Cl)c(Cl)cc(Cl)c1Cl,-4.121192078482827
CCCc1ccccc1,-3.304606000475955
FC(F)(Cl)C(F)(F)Cl,-2.812319607338705
CC(=O)OC3(CCC4C2CCC1=CC(=O)CCC1C2CCC34C)C#C,-4.4791184815013425
CCOP(=S)(OCC)N2C(=O)c1ccccc1C2=O,-4.337329240179334
ClCC,-1.3285063788109526
O=C(C=CC=Cc2ccc1OCOc1c2)N3CCCCC3,-3.679318360625364
CC/C=C\C,-1.8511973439111087
CNC(=O)ON=C(CSC)C(C)(C)C ,-2.5038974346514977
O=C2NC(=O)C1(CCCCCCC1)C(=O)N2,-1.5065767000786396
c1(C(C)(C)C)cc(C(C)(C)C)cc(OC(=O)NC)c1,-4.567090708655686
Oc2cc(O)c1C(=O)CC(Oc1c2)c3ccc(O)c(O)c3,-3.1584255473284117
O=C(c1ccccc1)c2ccccc2,-3.862627036892608
CCCCCCCCCCCCCCCCCCCC,-6.253765159456
N(Nc1ccccc1)c2ccccc2 ,-3.4642834219597756
CCC(CC)CO,-1.3962282674525615
Cl\C=C/Cl,-1.5930993442705592
CC(C)CC(C)O,-1.3460378803656017
CC(C)(C)CO,-1.1764076599394524
CC(C)(C)C(=O)C(Oc1ccc(Cl)cc1)n2cncn2,-4.199674065605953
Cc1cc(no1)C(=O)NNCc2ccccc2,-2.463475689327402
CC=C,-1.2872745131593617
Oc1ccc(Cl)cc1Cc2cc(Cl)ccc2O,-4.761750690410839
CCOC(=O)Nc2cccc(OC(=O)Nc1ccccc1)c2 ,-4.283847899820187
O=C1c2ccccc2C(=O)c3ccccc13,-3.612487841088733
CCCCCCC(C)O,-2.1875003393372907
CC1=C(C(=O)Nc2ccccc2)S(=O)(=O)CCO1,-2.568803219509653
CCCCc1ccccc1,-3.7338795088226324
O=C1NC(=O)C(=O)N1 ,0.7566110693387915
COP(=S)(OC)Oc1ccc(Sc2ccc(OP(=S)(OC)OC)cc2)cc1,-5.750664871374523
NS(=O)(=O)c1cc(ccc1Cl)C2(O)NC(=O)c3ccccc23,-2.8149033360925735
CC(C)COC(=O)C,-1.4995926297156554
CC(C)C(C)(C)C,-2.9476192851549774
Clc1ccc(c(Cl)c1Cl)c2c(Cl)cc(Cl)c(Cl)c2Cl ,-7.597569769280468
N#Cc1ccccc1C#N,-1.8553438019797996
FC(F)(F)C(Cl)Br ,-2.6382336747401123
CNC(=O)ON=C(SC)C(=O)N(C)C,-1.1130948649063943
CCSCCSP(=S)(OC)OC,-3.547630563715212
CCC(C)C,-2.263482705050752
COP(=O)(OC)OC(=CCl)c1cc(Cl)c(Cl)cc1Cl,-5.048696589838649
