name,seq
orignal_full_bnt,GAGAATAAACTAGTATTCTTCTGGTCCCCACAGACTCAGAGAGAACCCGCCACCATGTTCGTGTTCCTGGTGCTGCTGCCTCTGGTGTCCAGCCAGTGTGTGAACCTGACCACCAGAACACAGCTGCCTCCAGCCTACACCAACAGCTTTACCAGAGGCGTGTACTACCCCGACAAGGTGTTCAGATCCAGCGTGCTGCACTCTACCCAGGACCTGTTCCTGCCTTTCTTCAGCAACGTGACCTGGTTCCACGCCATCCACGTGTCCGGCACCAATGGCACCAAGAGATTCGACAACCCCGTGCTGCCCTTCAACGACGGGGTGTACTTTGCCAGCACCGAGAAGTCCAACATCATCAGAGGCTGGATCTTCGGCACCACACTGGACAGCAAGACCCAGAGCCTGCTGATCGTGAACAACGCCACCAACGTGGTCATCAAAGTGTGCGAGTTCCAGTTCTGCAACGACCCCTTCCTGGGCGTCTACTACCACAAGAACAACAAGAGCTGGATGGAAAGCGAGTTCCGGGTGTACAGCAGCGCCAACAACTGCACCTTCGAGTACGTGTCCCAGCCTTTCCTGATGGACCTGGAAGGCAAGCAGGGCAACTTCAAGAACCTGCGCGAGTTCGTGTTTAAGAACATCGACGGCTACTTCAAGATCTACAGCAAGCACACCCCTATCAACCTCGTGCGGGATCTGCCTCAGGGCTTCTCTGCTCTGGAACCCCTGGTGGATCTGCCCATCGGCATCAACATCACCCGGTTTCAGACACTGCTGGCCCTGCACAGAAGCTACCTGACACCTGGCGATAGCAGCAGCGGATGGACAGCTGGTGCCGCCGCTTACTATGTGGGCTACCTGCAGCCTAGAACCTTCCTGCTGAAGTACAACGAGAACGGCACCATCACCGACGCCGTGGATTGTGCTCTGGATCCTCTGAGCGAGACAAAGTGCACCCTGAAGTCCTTCACCGTGGAAAAGGGCATCTACCAGACCAGCAACTTCCGGGTGCAGCCCACCGAATCCATCGTGCGGTTCCCCAATATCACCAATCTGTGCCCCTTCGGCGAGGTGTTCAATGCCACCAGATTCGCCTCTGTGTACGCCTGGAACCGGAAGCGGATCAGCAATTGCGTGGCCGACTACTCCGTGCTGTACAACTCCGCCAGCTTCAGCACCTTCAAGTGCTACGGCGTGTCCCCTACCAAGCTGAACGACCTGTGCTTCACAAACGTGTACGCCGACAGCTTCGTGATCCGGGGAGATGAAGTGCGGCAGATTGCCCCTGGACAGACAGGCAAGATCGCCGACTACAACTACAAGCTGCCCGACGACTTCACCGGCTGTGTGATTGCCTGGAACAGCAACAACCTGGACTCCAAAGTCGGCGGCAACTACAATTACCTGTACCGGCTGTTCCGGAAGTCCAATCTGAAGCCCTTCGAGCGGGACATCTCCACCGAGATCTATCAGGCCGGCAGCACCCCTTGTAACGGCGTGGAAGGCTTCAACTGCTACTTCCCACTGCAGTCCTACGGCTTTCAGCCCACAAATGGCGTGGGCTATCAGCCCTACAGAGTGGTGGTGCTGAGCTTCGAACTGCTGCATGCCCCTGCCACAGTGTGCGGCCCTAAGAAAAGCACCAATCTCGTGAAGAACAAATGCGTGAACTTCAACTTCAACGGCCTGACCGGCACCGGCGTGCTGACAGAGAGCAACAAGAAGTTCCTGCCATTCCAGCAGTTTGGCCGGGATATCGCCGATACCACAGACGCCGTTAGAGATCCCCAGACACTGGAAATCCTGGACATCACCCCTTGCAGCTTCGGCGGAGTGTCTGTGATCACCCCTGGCACCAACACCAGCAATCAGGTGGCAGTGCTGTACCAGGACGTGAACTGTACCGAAGTGCCCGTGGCCATTCACGCCGATCAGCTGACACCTACATGGCGGGTGTACTCCACCGGCAGCAATGTGTTTCAGACCAGAGCCGGCTGTCTGATCGGAGCCGAGCACGTGAACAATAGCTACGAGTGCGACATCCCCATCGGCGCTGGAATCTGCGCCAGCTACCAGACACAGACAAACAGCCCTCGGAGAGCCAGAAGCGTGGCCAGCCAGAGCATCATTGCCTACACAATGTCTCTGGGCGCCGAGAACAGCGTGGCCTACTCCAACAACTCTATCGCTATCCCCACCAACTTCACCATCAGCGTGACCACAGAGATCCTGCCTGTGTCCATGACCAAGACCAGCGTGGACTGCACCATGTACATCTGCGGCGATTCCACCGAGTGCTCCAACCTGCTGCTGCAGTACGGCAGCTTCTGCACCCAGCTGAATAGAGCCCTGACAGGGATCGCCGTGGAACAGGACAAGAACACCCAAGAGGTGTTCGCCCAAGTGAAGCAGATCTACAAGACCCCTCCTATCAAGGACTTCGGCGGCTTCAATTTCAGCCAGATTCTGCCCGATCCTAGCAAGCCCAGCAAGCGGAGCTTCATCGAGGACCTGCTGTTCAACAAAGTGACACTGGCCGACGCCGGCTTCATCAAGCAGTATGGCGATTGTCTGGGCGACATTGCCGCCAGGGATCTGATTTGCGCCCAGAAGTTTAACGGACTGACAGTGCTGCCTCCTCTGCTGACCGATGAGATGATCGCCCAGTACACATCTGCCCTGCTGGCCGGCACAATCACAAGCGGCTGGACATTTGGAGCAGGCGCCGCTCTGCAGATCCCCTTTGCTATGCAGATGGCCTACCGGTTCAACGGCATCGGAGTGACCCAGAATGTGCTGTACGAGAACCAGAAGCTGATCGCCAACCAGTTCAACAGCGCCATCGGCAAGATCCAGGACAGCCTGAGCAGCACAGCAAGCGCCCTGGGAAAGCTGCAGGACGTGGTCAACCAGAATGCCCAGGCACTGAACACCCTGGTCAAGCAGCTGTCCTCCAACTTCGGCGCCATCAGCTCTGTGCTGAACGATATCCTGAGCAGACTGGACCCTCCTGAGGCCGAGGTGCAGATCGACAGACTGATCACAGGCAGACTGCAGAGCCTCCAGACATACGTGACCCAGCAGCTGATCAGAGCCGCCGAGATTAGAGCCTCTGCCAATCTGGCCGCCACCAAGATGTCTGAGTGTGTGCTGGGCCAGAGCAAGAGAGTGGACTTTTGCGGCAAGGGCTACCACCTGATGAGCTTCCCTCAGTCTGCCCCTCACGGCGTGGTGTTTCTGCACGTGACATATGTGCCCGCTCAAGAGAAGAATTTCACCACCGCTCCAGCCATCTGCCACGACGGCAAAGCCCACTTTCCTAGAGAAGGCGTGTTCGTGTCCAACGGCACCCATTGGTTCGTGACACAGCGGAACTTCTACGAGCCCCAGATCATCACCACCGACAACACCTTCGTGTCTGGCAACTGCGACGTCGTGATCGGCATTGTGAACAATACCGTGTACGACCCTCTGCAGCCCGAGCTGGACAGCTTCAAAGAGGAACTGGACAAGTACTTTAAGAACCACACAAGCCCCGACGTGGACCTGGGCGATATCAGCGGAATCAATGCCAGCGTCGTGAACATCCAGAAAGAGATCGACCGGCTGAACGAGGTGGCCAAGAATCTGAACGAGAGCCTGATCGACCTGCAAGAACTGGGGAAGTACGAGCAGTACATCAAGTGGCCCTGGTACATCTGGCTGGGCTTTATCGCCGGACTGATTGCCATCGTGATGGTCACAATCATGCTGTGTTGCATGACCAGCTGCTGTAGCTGCCTGAAGGGCTGTTGTAGCTGTGGCAGCTGCTGCAAGTTCGACGAGGACGATTCTGAGCCCGTGCTGAAGGGCGTGAAACTGCACTACACATGATGACTCGAGCTGGTACTGCATGCACGCAATGCTAGCTGCCCCTTTCCCGTCCTGGGTACCCCGAGTCTCCCCCGACCTCGGGTCCCAGGTATGCTCCCACCTCCACCTGCCCCACTCACCACCTCTGCTAGTTCCAGACACCTCCCAAGCACGCAGCAATGCAGCTCAAAACGCTTAGCCTAGCCACACCCCCACGGGAAACAGCAGTGATTAACCTTTAGCAATAAACGAAAGTTTAACTAAGCTATACTAACCCCAGGGTTGGTCAATTTCGTGCCAGCCACACCCTGGAGCTAGCA
D614G_full_bnt,GAGAATAAACTAGTATTCTTCTGGTCCCCACAGACTCAGAGAGAACCCGCCACCATGTTCGTGTTCCTGGTGCTGCTGCCTCTGGTGTCCAGCCAGTGTGTGAACCTGACCACCAGAACACAGCTGCCTCCAGCCTACACCAACAGCTTTACCAGAGGCGTGTACTACCCCGACAAGGTGTTCAGATCCAGCGTGCTGCACTCTACCCAGGACCTGTTCCTGCCTTTCTTCAGCAACGTGACCTGGTTCCACGCCATCCACGTGTCCGGCACCAATGGCACCAAGAGATTCGACAACCCCGTGCTGCCCTTCAACGACGGGGTGTACTTTGCCAGCACCGAGAAGTCCAACATCATCAGAGGCTGGATCTTCGGCACCACACTGGACAGCAAGACCCAGAGCCTGCTGATCGTGAACAACGCCACCAACGTGGTCATCAAAGTGTGCGAGTTCCAGTTCTGCAACGACCCCTTCCTGGGCGTCTACTACCACAAGAACAACAAGAGCTGGATGGAAAGCGAGTTCCGGGTGTACAGCAGCGCCAACAACTGCACCTTCGAGTACGTGTCCCAGCCTTTCCTGATGGACCTGGAAGGCAAGCAGGGCAACTTCAAGAACCTGCGCGAGTTCGTGTTTAAGAACATCGACGGCTACTTCAAGATCTACAGCAAGCACACCCCTATCAACCTCGTGCGGGATCTGCCTCAGGGCTTCTCTGCTCTGGAACCCCTGGTGGATCTGCCCATCGGCATCAACATCACCCGGTTTCAGACACTGCTGGCCCTGCACAGAAGCTACCTGACACCTGGCGATAGCAGCAGCGGATGGACAGCTGGTGCCGCCGCTTACTATGTGGGCTACCTGCAGCCTAGAACCTTCCTGCTGAAGTACAACGAGAACGGCACCATCACCGACGCCGTGGATTGTGCTCTGGATCCTCTGAGCGAGACAAAGTGCACCCTGAAGTCCTTCACCGTGGAAAAGGGCATCTACCAGACCAGCAACTTCCGGGTGCAGCCCACCGAATCCATCGTGCGGTTCCCCAATATCACCAATCTGTGCCCCTTCGGCGAGGTGTTCAATGCCACCAGATTCGCCTCTGTGTACGCCTGGAACCGGAAGCGGATCAGCAATTGCGTGGCCGACTACTCCGTGCTGTACAACTCCGCCAGCTTCAGCACCTTCAAGTGCTACGGCGTGTCCCCTACCAAGCTGAACGACCTGTGCTTCACAAACGTGTACGCCGACAGCTTCGTGATCCGGGGAGATGAAGTGCGGCAGATTGCCCCTGGACAGACAGGCAAGATCGCCGACTACAACTACAAGCTGCCCGACGACTTCACCGGCTGTGTGATTGCCTGGAACAGCAACAACCTGGACTCCAAAGTCGGCGGCAACTACAATTACCTGTACCGGCTGTTCCGGAAGTCCAATCTGAAGCCCTTCGAGCGGGACATCTCCACCGAGATCTATCAGGCCGGCAGCACCCCTTGTAACGGCGTGGAAGGCTTCAACTGCTACTTCCCACTGCAGTCCTACGGCTTTCAGCCCACAAATGGCGTGGGCTATCAGCCCTACAGAGTGGTGGTGCTGAGCTTCGAACTGCTGCATGCCCCTGCCACAGTGTGCGGCCCTAAGAAAAGCACCAATCTCGTGAAGAACAAATGCGTGAACTTCAACTTCAACGGCCTGACCGGCACCGGCGTGCTGACAGAGAGCAACAAGAAGTTCCTGCCATTCCAGCAGTTTGGCCGGGATATCGCCGATACCACAGACGCCGTTAGAGATCCCCAGACACTGGAAATCCTGGACATCACCCCTTGCAGCTTCGGCGGAGTGTCTGTGATCACCCCTGGCACCAACACCAGCAATCAGGTGGCAGTGCTGTACCAGGACGTGAACTGTACCGAAGTGCCCGTGGCCATTCACGCCGGTCAGCTGACACCTACATGGCGGGTGTACTCCACCGGCAGCAATGTGTTTCAGACCAGAGCCGGCTGTCTGATCGGAGCCGAGCACGTGAACAATAGCTACGAGTGCGACATCCCCATCGGCGCTGGAATCTGCGCCAGCTACCAGACACAGACAAACAGCCCTCGGAGAGCCAGAAGCGTGGCCAGCCAGAGCATCATTGCCTACACAATGTCTCTGGGCGCCGAGAACAGCGTGGCCTACTCCAACAACTCTATCGCTATCCCCACCAACTTCACCATCAGCGTGACCACAGAGATCCTGCCTGTGTCCATGACCAAGACCAGCGTGGACTGCACCATGTACATCTGCGGCGATTCCACCGAGTGCTCCAACCTGCTGCTGCAGTACGGCAGCTTCTGCACCCAGCTGAATAGAGCCCTGACAGGGATCGCCGTGGAACAGGACAAGAACACCCAAGAGGTGTTCGCCCAAGTGAAGCAGATCTACAAGACCCCTCCTATCAAGGACTTCGGCGGCTTCAATTTCAGCCAGATTCTGCCCGATCCTAGCAAGCCCAGCAAGCGGAGCTTCATCGAGGACCTGCTGTTCAACAAAGTGACACTGGCCGACGCCGGCTTCATCAAGCAGTATGGCGATTGTCTGGGCGACATTGCCGCCAGGGATCTGATTTGCGCCCAGAAGTTTAACGGACTGACAGTGCTGCCTCCTCTGCTGACCGATGAGATGATCGCCCAGTACACATCTGCCCTGCTGGCCGGCACAATCACAAGCGGCTGGACATTTGGAGCAGGCGCCGCTCTGCAGATCCCCTTTGCTATGCAGATGGCCTACCGGTTCAACGGCATCGGAGTGACCCAGAATGTGCTGTACGAGAACCAGAAGCTGATCGCCAACCAGTTCAACAGCGCCATCGGCAAGATCCAGGACAGCCTGAGCAGCACAGCAAGCGCCCTGGGAAAGCTGCAGGACGTGGTCAACCAGAATGCCCAGGCACTGAACACCCTGGTCAAGCAGCTGTCCTCCAACTTCGGCGCCATCAGCTCTGTGCTGAACGATATCCTGAGCAGACTGGACCCTCCTGAGGCCGAGGTGCAGATCGACAGACTGATCACAGGCAGACTGCAGAGCCTCCAGACATACGTGACCCAGCAGCTGATCAGAGCCGCCGAGATTAGAGCCTCTGCCAATCTGGCCGCCACCAAGATGTCTGAGTGTGTGCTGGGCCAGAGCAAGAGAGTGGACTTTTGCGGCAAGGGCTACCACCTGATGAGCTTCCCTCAGTCTGCCCCTCACGGCGTGGTGTTTCTGCACGTGACATATGTGCCCGCTCAAGAGAAGAATTTCACCACCGCTCCAGCCATCTGCCACGACGGCAAAGCCCACTTTCCTAGAGAAGGCGTGTTCGTGTCCAACGGCACCCATTGGTTCGTGACACAGCGGAACTTCTACGAGCCCCAGATCATCACCACCGACAACACCTTCGTGTCTGGCAACTGCGACGTCGTGATCGGCATTGTGAACAATACCGTGTACGACCCTCTGCAGCCCGAGCTGGACAGCTTCAAAGAGGAACTGGACAAGTACTTTAAGAACCACACAAGCCCCGACGTGGACCTGGGCGATATCAGCGGAATCAATGCCAGCGTCGTGAACATCCAGAAAGAGATCGACCGGCTGAACGAGGTGGCCAAGAATCTGAACGAGAGCCTGATCGACCTGCAAGAACTGGGGAAGTACGAGCAGTACATCAAGTGGCCCTGGTACATCTGGCTGGGCTTTATCGCCGGACTGATTGCCATCGTGATGGTCACAATCATGCTGTGTTGCATGACCAGCTGCTGTAGCTGCCTGAAGGGCTGTTGTAGCTGTGGCAGCTGCTGCAAGTTCGACGAGGACGATTCTGAGCCCGTGCTGAAGGGCGTGAAACTGCACTACACATGATGACTCGAGCTGGTACTGCATGCACGCAATGCTAGCTGCCCCTTTCCCGTCCTGGGTACCCCGAGTCTCCCCCGACCTCGGGTCCCAGGTATGCTCCCACCTCCACCTGCCCCACTCACCACCTCTGCTAGTTCCAGACACCTCCCAAGCACGCAGCAATGCAGCTCAAAACGCTTAGCCTAGCCACACCCCCACGGGAAACAGCAGTGATTAACCTTTAGCAATAAACGAAAGTTTAACTAAGCTATACTAACCCCAGGGTTGGTCAATTTCGTGCCAGCCACACCCTGGAGCTAGCA
C323A_full_bnt,GAGAATAAACTAGTATTCTTCTGGTCCCCACAGACTCAGAGAGAACCCGCCACCATGTTCGTGTTCCTGGTGCTGCTGCCTCTGGTGTCCAGCCAGTGTGTGAACCTGACCACCAGAACACAGCTGCCTCCAGCCTACACCAACAGCTTTACCAGAGGCGTGTACTACCCCGACAAGGTGTTCAGATCCAGCGTGCTGCACTCTACCCAGGACCTGTTCCTGCCTTTCTTCAGCAACGTGACCTGGTTCCACGCCATCCACGTGTCCGGCACCAATGGCACCAAGAGATTCGACAACCCCGTGCTGCCCTTCAACGACGGGGTGTACTTTGCCAGCACCGAGAAGTCCAACATCATCAGAGGCTGGATCTTCGGCACCACACTGGACAGCAAGACCCAGAGCCTGCTGATCGTGAACAACGCCACCAACGTGGTCATCAAAGTGTGCGAGTTCCAGTTCTGCAACGACCCCTTCCTGGGCGTCTACTACCACAAGAACAACAAGAGCTGGATGGAAAGCGAGTTCCGGGTGTACAGCAGCGCCAACAACTGCACCTTCGAGTACGTGTCCCAGCCTTTCCTGATGGACCTGGAAGGCAAGCAGGGCAACTTCAAGAACCTGCGCGAGTTCGTGTTTAAGAACATCGACGGCTACTTCAAGATCTACAGCAAGCACACCCCTATCAACCTCGTGCGGGATCTGCCTCAGGGCTTCTCTGCTCTGGAACCCCTGGTGGATCTGCCCATCGGCATCAACATCACCCGGTTTCAGACACTGCTGGCCCTGCACAGAAGCTACCTGACACCTGGCGATAGCAGCAGCGGATGGACAGCTGGTGCCGCCGCTTACTATGTGGGCTACCTGCAGCCTAGAACCTTCCTGCTGAAGTACAACGAGAACGGCACCATCACCGACGCCGTGGATTGTGCTCTGGATCCTCTGAGCGAGACAAAGTGCACCCTGAAGTCCTTCACCGTGGAAAAGGGCATCTACCAGACCAGCAACTTCCGGGTGCAGCCCACCGAATCCATCGTGCGGTTCCCCAATATCACCAATCTGGCCCCCTTCGGCGAGGTGTTCAATGCCACCAGATTCGCCTCTGTGTACGCCTGGAACCGGAAGCGGATCAGCAATTGCGTGGCCGACTACTCCGTGCTGTACAACTCCGCCAGCTTCAGCACCTTCAAGTGCTACGGCGTGTCCCCTACCAAGCTGAACGACCTGTGCTTCACAAACGTGTACGCCGACAGCTTCGTGATCCGGGGAGATGAAGTGCGGCAGATTGCCCCTGGACAGACAGGCAAGATCGCCGACTACAACTACAAGCTGCCCGACGACTTCACCGGCTGTGTGATTGCCTGGAACAGCAACAACCTGGACTCCAAAGTCGGCGGCAACTACAATTACCTGTACCGGCTGTTCCGGAAGTCCAATCTGAAGCCCTTCGAGCGGGACATCTCCACCGAGATCTATCAGGCCGGCAGCACCCCTTGTAACGGCGTGGAAGGCTTCAACTGCTACTTCCCACTGCAGTCCTACGGCTTTCAGCCCACAAATGGCGTGGGCTATCAGCCCTACAGAGTGGTGGTGCTGAGCTTCGAACTGCTGCATGCCCCTGCCACAGTGTGCGGCCCTAAGAAAAGCACCAATCTCGTGAAGAACAAATGCGTGAACTTCAACTTCAACGGCCTGACCGGCACCGGCGTGCTGACAGAGAGCAACAAGAAGTTCCTGCCATTCCAGCAGTTTGGCCGGGATATCGCCGATACCACAGACGCCGTTAGAGATCCCCAGACACTGGAAATCCTGGACATCACCCCTTGCAGCTTCGGCGGAGTGTCTGTGATCACCCCTGGCACCAACACCAGCAATCAGGTGGCAGTGCTGTACCAGGACGTGAACTGTACCGAAGTGCCCGTGGCCATTCACGCCGATCAGCTGACACCTACATGGCGGGTGTACTCCACCGGCAGCAATGTGTTTCAGACCAGAGCCGGCTGTCTGATCGGAGCCGAGCACGTGAACAATAGCTACGAGTGCGACATCCCCATCGGCGCTGGAATCTGCGCCAGCTACCAGACACAGACAAACAGCCCTCGGAGAGCCAGAAGCGTGGCCAGCCAGAGCATCATTGCCTACACAATGTCTCTGGGCGCCGAGAACAGCGTGGCCTACTCCAACAACTCTATCGCTATCCCCACCAACTTCACCATCAGCGTGACCACAGAGATCCTGCCTGTGTCCATGACCAAGACCAGCGTGGACTGCACCATGTACATCTGCGGCGATTCCACCGAGTGCTCCAACCTGCTGCTGCAGTACGGCAGCTTCTGCACCCAGCTGAATAGAGCCCTGACAGGGATCGCCGTGGAACAGGACAAGAACACCCAAGAGGTGTTCGCCCAAGTGAAGCAGATCTACAAGACCCCTCCTATCAAGGACTTCGGCGGCTTCAATTTCAGCCAGATTCTGCCCGATCCTAGCAAGCCCAGCAAGCGGAGCTTCATCGAGGACCTGCTGTTCAACAAAGTGACACTGGCCGACGCCGGCTTCATCAAGCAGTATGGCGATTGTCTGGGCGACATTGCCGCCAGGGATCTGATTTGCGCCCAGAAGTTTAACGGACTGACAGTGCTGCCTCCTCTGCTGACCGATGAGATGATCGCCCAGTACACATCTGCCCTGCTGGCCGGCACAATCACAAGCGGCTGGACATTTGGAGCAGGCGCCGCTCTGCAGATCCCCTTTGCTATGCAGATGGCCTACCGGTTCAACGGCATCGGAGTGACCCAGAATGTGCTGTACGAGAACCAGAAGCTGATCGCCAACCAGTTCAACAGCGCCATCGGCAAGATCCAGGACAGCCTGAGCAGCACAGCAAGCGCCCTGGGAAAGCTGCAGGACGTGGTCAACCAGAATGCCCAGGCACTGAACACCCTGGTCAAGCAGCTGTCCTCCAACTTCGGCGCCATCAGCTCTGTGCTGAACGATATCCTGAGCAGACTGGACCCTCCTGAGGCCGAGGTGCAGATCGACAGACTGATCACAGGCAGACTGCAGAGCCTCCAGACATACGTGACCCAGCAGCTGATCAGAGCCGCCGAGATTAGAGCCTCTGCCAATCTGGCCGCCACCAAGATGTCTGAGTGTGTGCTGGGCCAGAGCAAGAGAGTGGACTTTTGCGGCAAGGGCTACCACCTGATGAGCTTCCCTCAGTCTGCCCCTCACGGCGTGGTGTTTCTGCACGTGACATATGTGCCCGCTCAAGAGAAGAATTTCACCACCGCTCCAGCCATCTGCCACGACGGCAAAGCCCACTTTCCTAGAGAAGGCGTGTTCGTGTCCAACGGCACCCATTGGTTCGTGACACAGCGGAACTTCTACGAGCCCCAGATCATCACCACCGACAACACCTTCGTGTCTGGCAACTGCGACGTCGTGATCGGCATTGTGAACAATACCGTGTACGACCCTCTGCAGCCCGAGCTGGACAGCTTCAAAGAGGAACTGGACAAGTACTTTAAGAACCACACAAGCCCCGACGTGGACCTGGGCGATATCAGCGGAATCAATGCCAGCGTCGTGAACATCCAGAAAGAGATCGACCGGCTGAACGAGGTGGCCAAGAATCTGAACGAGAGCCTGATCGACCTGCAAGAACTGGGGAAGTACGAGCAGTACATCAAGTGGCCCTGGTACATCTGGCTGGGCTTTATCGCCGGACTGATTGCCATCGTGATGGTCACAATCATGCTGTGTTGCATGACCAGCTGCTGTAGCTGCCTGAAGGGCTGTTGTAGCTGTGGCAGCTGCTGCAAGTTCGACGAGGACGATTCTGAGCCCGTGCTGAAGGGCGTGAAACTGCACTACACATGATGACTCGAGCTGGTACTGCATGCACGCAATGCTAGCTGCCCCTTTCCCGTCCTGGGTACCCCGAGTCTCCCCCGACCTCGGGTCCCAGGTATGCTCCCACCTCCACCTGCCCCACTCACCACCTCTGCTAGTTCCAGACACCTCCCAAGCACGCAGCAATGCAGCTCAAAACGCTTAGCCTAGCCACACCCCCACGGGAAACAGCAGTGATTAACCTTTAGCAATAAACGAAAGTTTAACTAAGCTATACTAACCCCAGGGTTGGTCAATTTCGTGCCAGCCACACCCTGGAGCTAGCA
E452A_full_bnt,GAGAATAAACTAGTATTCTTCTGGTCCCCACAGACTCAGAGAGAACCCGCCACCATGTTCGTGTTCCTGGTGCTGCTGCCTCTGGTGTCCAGCCAGTGTGTGAACCTGACCACCAGAACACAGCTGCCTCCAGCCTACACCAACAGCTTTACCAGAGGCGTGTACTACCCCGACAAGGTGTTCAGATCCAGCGTGCTGCACTCTACCCAGGACCTGTTCCTGCCTTTCTTCAGCAACGTGACCTGGTTCCACGCCATCCACGTGTCCGGCACCAATGGCACCAAGAGATTCGACAACCCCGTGCTGCCCTTCAACGACGGGGTGTACTTTGCCAGCACCGAGAAGTCCAACATCATCAGAGGCTGGATCTTCGGCACCACACTGGACAGCAAGACCCAGAGCCTGCTGATCGTGAACAACGCCACCAACGTGGTCATCAAAGTGTGCGAGTTCCAGTTCTGCAACGACCCCTTCCTGGGCGTCTACTACCACAAGAACAACAAGAGCTGGATGGAAAGCGAGTTCCGGGTGTACAGCAGCGCCAACAACTGCACCTTCGAGTACGTGTCCCAGCCTTTCCTGATGGACCTGGAAGGCAAGCAGGGCAACTTCAAGAACCTGCGCGAGTTCGTGTTTAAGAACATCGACGGCTACTTCAAGATCTACAGCAAGCACACCCCTATCAACCTCGTGCGGGATCTGCCTCAGGGCTTCTCTGCTCTGGAACCCCTGGTGGATCTGCCCATCGGCATCAACATCACCCGGTTTCAGACACTGCTGGCCCTGCACAGAAGCTACCTGACACCTGGCGATAGCAGCAGCGGATGGACAGCTGGTGCCGCCGCTTACTATGTGGGCTACCTGCAGCCTAGAACCTTCCTGCTGAAGTACAACGAGAACGGCACCATCACCGACGCCGTGGATTGTGCTCTGGATCCTCTGAGCGAGACAAAGTGCACCCTGAAGTCCTTCACCGTGGAAAAGGGCATCTACCAGACCAGCAACTTCCGGGTGCAGCCCACCGAATCCATCGTGCGGTTCCCCAATATCACCAATCTGTGCCCCTTCGGCGAGGTGTTCAATGCCACCAGATTCGCCTCTGTGTACGCCTGGAACCGGAAGCGGATCAGCAATTGCGTGGCCGACTACTCCGTGCTGTACAACTCCGCCAGCTTCAGCACCTTCAAGTGCTACGGCGTGTCCCCTACCAAGCTGAACGACCTGTGCTTCACAAACGTGTACGCCGACAGCTTCGTGATCCGGGGAGATGAAGTGCGGCAGATTGCCCCTGGACAGACAGGCAAGATCGCCGACTACAACTACAAGCTGCCCGACGACTTCACCGGCTGTGTGATTGCCTGGAACAGCAACAACCTGGACTCCAAAGTCGGCGGCAACTACAATTACCTGTACCGGCTGTTCCGGAAGTCCAATCTGAAGCCCTTCGCGCGGGACATCTCCACCGAGATCTATCAGGCCGGCAGCACCCCTTGTAACGGCGTGGAAGGCTTCAACTGCTACTTCCCACTGCAGTCCTACGGCTTTCAGCCCACAAATGGCGTGGGCTATCAGCCCTACAGAGTGGTGGTGCTGAGCTTCGAACTGCTGCATGCCCCTGCCACAGTGTGCGGCCCTAAGAAAAGCACCAATCTCGTGAAGAACAAATGCGTGAACTTCAACTTCAACGGCCTGACCGGCACCGGCGTGCTGACAGAGAGCAACAAGAAGTTCCTGCCATTCCAGCAGTTTGGCCGGGATATCGCCGATACCACAGACGCCGTTAGAGATCCCCAGACACTGGAAATCCTGGACATCACCCCTTGCAGCTTCGGCGGAGTGTCTGTGATCACCCCTGGCACCAACACCAGCAATCAGGTGGCAGTGCTGTACCAGGACGTGAACTGTACCGAAGTGCCCGTGGCCATTCACGCCGATCAGCTGACACCTACATGGCGGGTGTACTCCACCGGCAGCAATGTGTTTCAGACCAGAGCCGGCTGTCTGATCGGAGCCGAGCACGTGAACAATAGCTACGAGTGCGACATCCCCATCGGCGCTGGAATCTGCGCCAGCTACCAGACACAGACAAACAGCCCTCGGAGAGCCAGAAGCGTGGCCAGCCAGAGCATCATTGCCTACACAATGTCTCTGGGCGCCGAGAACAGCGTGGCCTACTCCAACAACTCTATCGCTATCCCCACCAACTTCACCATCAGCGTGACCACAGAGATCCTGCCTGTGTCCATGACCAAGACCAGCGTGGACTGCACCATGTACATCTGCGGCGATTCCACCGAGTGCTCCAACCTGCTGCTGCAGTACGGCAGCTTCTGCACCCAGCTGAATAGAGCCCTGACAGGGATCGCCGTGGAACAGGACAAGAACACCCAAGAGGTGTTCGCCCAAGTGAAGCAGATCTACAAGACCCCTCCTATCAAGGACTTCGGCGGCTTCAATTTCAGCCAGATTCTGCCCGATCCTAGCAAGCCCAGCAAGCGGAGCTTCATCGAGGACCTGCTGTTCAACAAAGTGACACTGGCCGACGCCGGCTTCATCAAGCAGTATGGCGATTGTCTGGGCGACATTGCCGCCAGGGATCTGATTTGCGCCCAGAAGTTTAACGGACTGACAGTGCTGCCTCCTCTGCTGACCGATGAGATGATCGCCCAGTACACATCTGCCCTGCTGGCCGGCACAATCACAAGCGGCTGGACATTTGGAGCAGGCGCCGCTCTGCAGATCCCCTTTGCTATGCAGATGGCCTACCGGTTCAACGGCATCGGAGTGACCCAGAATGTGCTGTACGAGAACCAGAAGCTGATCGCCAACCAGTTCAACAGCGCCATCGGCAAGATCCAGGACAGCCTGAGCAGCACAGCAAGCGCCCTGGGAAAGCTGCAGGACGTGGTCAACCAGAATGCCCAGGCACTGAACACCCTGGTCAAGCAGCTGTCCTCCAACTTCGGCGCCATCAGCTCTGTGCTGAACGATATCCTGAGCAGACTGGACCCTCCTGAGGCCGAGGTGCAGATCGACAGACTGATCACAGGCAGACTGCAGAGCCTCCAGACATACGTGACCCAGCAGCTGATCAGAGCCGCCGAGATTAGAGCCTCTGCCAATCTGGCCGCCACCAAGATGTCTGAGTGTGTGCTGGGCCAGAGCAAGAGAGTGGACTTTTGCGGCAAGGGCTACCACCTGATGAGCTTCCCTCAGTCTGCCCCTCACGGCGTGGTGTTTCTGCACGTGACATATGTGCCCGCTCAAGAGAAGAATTTCACCACCGCTCCAGCCATCTGCCACGACGGCAAAGCCCACTTTCCTAGAGAAGGCGTGTTCGTGTCCAACGGCACCCATTGGTTCGTGACACAGCGGAACTTCTACGAGCCCCAGATCATCACCACCGACAACACCTTCGTGTCTGGCAACTGCGACGTCGTGATCGGCATTGTGAACAATACCGTGTACGACCCTCTGCAGCCCGAGCTGGACAGCTTCAAAGAGGAACTGGACAAGTACTTTAAGAACCACACAAGCCCCGACGTGGACCTGGGCGATATCAGCGGAATCAATGCCAGCGTCGTGAACATCCAGAAAGAGATCGACCGGCTGAACGAGGTGGCCAAGAATCTGAACGAGAGCCTGATCGACCTGCAAGAACTGGGGAAGTACGAGCAGTACATCAAGTGGCCCTGGTACATCTGGCTGGGCTTTATCGCCGGACTGATTGCCATCGTGATGGTCACAATCATGCTGTGTTGCATGACCAGCTGCTGTAGCTGCCTGAAGGGCTGTTGTAGCTGTGGCAGCTGCTGCAAGTTCGACGAGGACGATTCTGAGCCCGTGCTGAAGGGCGTGAAACTGCACTACACATGATGACTCGAGCTGGTACTGCATGCACGCAATGCTAGCTGCCCCTTTCCCGTCCTGGGTACCCCGAGTCTCCCCCGACCTCGGGTCCCAGGTATGCTCCCACCTCCACCTGCCCCACTCACCACCTCTGCTAGTTCCAGACACCTCCCAAGCACGCAGCAATGCAGCTCAAAACGCTTAGCCTAGCCACACCCCCACGGGAAACAGCAGTGATTAACCTTTAGCAATAAACGAAAGTTTAACTAAGCTATACTAACCCCAGGGTTGGTCAATTTCGTGCCAGCCACACCCTGGAGCTAGCA
orignal_spike_bnt,AACCTGACCACCAGAACACAGCTGCCTCCAGCCTACACCAACAGCTTTACCAGAGGCGTGTACTACCCCGACAAGGTGTTCAGATCCAGCGTGCTGCACTCTACCCAGGACCTGTTCCTGCCTTTCTTCAGCAACGTGACCTGGTTCCACGCCATCCACGTGTCCGGCACCAATGGCACCAAGAGATTCGACAACCCCGTGCTGCCCTTCAACGACGGGGTGTACTTTGCCAGCACCGAGAAGTCCAACATCATCAGAGGCTGGATCTTCGGCACCACACTGGACAGCAAGACCCAGAGCCTGCTGATCGTGAACAACGCCACCAACGTGGTCATCAAAGTGTGCGAGTTCCAGTTCTGCAACGACCCCTTCCTGGGCGTCTACTACCACAAGAACAACAAGAGCTGGATGGAAAGCGAGTTCCGGGTGTACAGCAGCGCCAACAACTGCACCTTCGAGTACGTGTCCCAGCCTTTCCTGATGGACCTGGAAGGCAAGCAGGGCAACTTCAAGAACCTGCGCGAGTTCGTGTTTAAGAACATCGACGGCTACTTCAAGATCTACAGCAAGCACACCCCTATCAACCTCGTGCGGGATCTGCCTCAGGGCTTCTCTGCTCTGGAACCCCTGGTGGATCTGCCCATCGGCATCAACATCACCCGGTTTCAGACACTGCTGGCCCTGCACAGAAGCTACCTGACACCTGGCGATAGCAGCAGCGGATGGACAGCTGGTGCCGCCGCTTACTATGTGGGCTACCTGCAGCCTAGAACCTTCCTGCTGAAGTACAACGAGAACGGCACCATCACCGACGCCGTGGATTGTGCTCTGGATCCTCTGAGCGAGACAAAGTGCACCCTGAAGTCCTTCACCGTGGAAAAGGGCATCTACCAGACCAGCAACTTCCGGGTGCAGCCCACCGAATCCATCGTGCGGTTCCCCAATATCACCAATCTGTGCCCCTTCGGCGAGGTGTTCAATGCCACCAGATTCGCCTCTGTGTACGCCTGGAACCGGAAGCGGATCAGCAATTGCGTGGCCGACTACTCCGTGCTGTACAACTCCGCCAGCTTCAGCACCTTCAAGTGCTACGGCGTGTCCCCTACCAAGCTGAACGACCTGTGCTTCACAAACGTGTACGCCGACAGCTTCGTGATCCGGGGAGATGAAGTGCGGCAGATTGCCCCTGGACAGACAGGCAAGATCGCCGACTACAACTACAAGCTGCCCGACGACTTCACCGGCTGTGTGATTGCCTGGAACAGCAACAACCTGGACTCCAAAGTCGGCGGCAACTACAATTACCTGTACCGGCTGTTCCGGAAGTCCAATCTGAAGCCCTTCGAGCGGGACATCTCCACCGAGATCTATCAGGCCGGCAGCACCCCTTGTAACGGCGTGGAAGGCTTCAACTGCTACTTCCCACTGCAGTCCTACGGCTTTCAGCCCACAAATGGCGTGGGCTATCAGCCCTACAGAGTGGTGGTGCTGAGCTTCGAACTGCTGCATGCCCCTGCCACAGTGTGCGGCCCTAAGAAAAGCACCAATCTCGTGAAGAACAAATGCGTGAACTTCAACTTCAACGGCCTGACCGGCACCGGCGTGCTGACAGAGAGCAACAAGAAGTTCCTGCCATTCCAGCAGTTTGGCCGGGATATCGCCGATACCACAGACGCCGTTAGAGATCCCCAGACACTGGAAATCCTGGACATCACCCCTTGCAGCTTCGGCGGAGTGTCTGTGATCACCCCTGGCACCAACACCAGCAATCAGGTGGCAGTGCTGTACCAGGACGTGAACTGTACCGAAGTGCCCGTGGCCATTCACGCCGATCAGCTGACACCTACATGGCGGGTGTACTCCACCGGCAGCAATGTGTTTCAGACCAGAGCCGGCTGTCTGATCGGAGCCGAGCACGTGAACAATAGCTACGAGTGCGACATCCCCATCGGCGCTGGAATCTGCGCCAGCTACCAGACACAGACAAACAGCCCTCGGAGAGCCAGAAGCGTGGCCAGCCAGAGCATCATTGCCTACACAATGTCTCTGGGCGCCGAGAACAGCGTGGCCTACTCCAACAACTCTATCGCTATCCCCACCAACTTCACCATCAGCGTGACCACAGAGATCCTGCCTGTGTCCATGACCAAGACCAGCGTGGACTGCACCATGTACATCTGCGGCGATTCCACCGAGTGCTCCAACCTGCTGCTGCAGTACGGCAGCTTCTGCACCCAGCTGAATAGAGCCCTGACAGGGATCGCCGTGGAACAGGACAAGAACACCCAAGAGGTGTTCGCCCAAGTGAAGCAGATCTACAAGACCCCTCCTATCAAGGACTTCGGCGGCTTCAATTTCAGCCAGATTCTGCCCGATCCTAGCAAGCCCAGCAAGCGGAGCTTCATCGAGGACCTGCTGTTCAACAAAGTGACACTGGCCGACGCCGGCTTCATCAAGCAGTATGGCGATTGTCTGGGCGACATTGCCGCCAGGGATCTGATTTGCGCCCAGAAGTTTAACGGACTGACAGTGCTGCCTCCTCTGCTGACCGATGAGATGATCGCCCAGTACACATCTGCCCTGCTGGCCGGCACAATCACAAGCGGCTGGACATTTGGAGCAGGCGCCGCTCTGCAGATCCCCTTTGCTATGCAGATGGCCTACCGGTTCAACGGCATCGGAGTGACCCAGAATGTGCTGTACGAGAACCAGAAGCTGATCGCCAACCAGTTCAACAGCGCCATCGGCAAGATCCAGGACAGCCTGAGCAGCACAGCAAGCGCCCTGGGAAAGCTGCAGGACGTGGTCAACCAGAATGCCCAGGCACTGAACACCCTGGTCAAGCAGCTGTCCTCCAACTTCGGCGCCATCAGCTCTGTGCTGAACGATATCCTGAGCAGACTGGACCCTCCTGAGGCCGAGGTGCAGATCGACAGACTGATCACAGGCAGACTGCAGAGCCTCCAGACATACGTGACCCAGCAGCTGATCAGAGCCGCCGAGATTAGAGCCTCTGCCAATCTGGCCGCCACCAAGATGTCTGAGTGTGTGCTGGGCCAGAGCAAGAGAGTGGACTTTTGCGGCAAGGGCTACCACCTGATGAGCTTCCCTCAGTCTGCCCCTCACGGCGTGGTGTTTCTGCACGTGACATATGTGCCCGCTCAAGAGAAGAATTTCACCACCGCTCCAGCCATCTGCCACGACGGCAAAGCCCACTTTCCTAGAGAAGGCGTGTTCGTGTCCAACGGCACCCATTGGTTCGTGACACAGCGGAACTTCTACGAGCCCCAGATCATCACCACCGACAACACCTTCGTGTCTGGCAACTGCGACGTCGTGATCGGCATTGTGAACAATACCGTGTACGACCCTCTGCAGCCCGAGCTGGACAGCTTCAAAGAGGAACTGGACAAGTACTTTAAGAACCACACAAGCCCCGACGTGGACCTGGGCGATATCAGCGGAATCAATGCCAGCGTCGTGAACATCCAGAAAGAGATCGACCGGCTGAACGAGGTGGCCAAGAATCTGAACGAGAGCCTGATCGACCTGCAAGAACTGGGGAAGTACGAGCAGTACATCAAGTGGCCCTGGTACATCTGGCTGGGCTTTATCGCCGGACTGATTGCCATCGTGATGGTCACAATCATGCTGTGTTGCATGACCAGCTGCTGTAGCTGCCTGAAGGGCTGTTGTAGCTGTGGCAGCTGCTGCAAGTTCGACGAGGACGATTCTGAGCCCGTGCTGAAGGGCGTGAAACTGCACTACACATGATGA
D614G_spike_bnt,AACCTGACCACCAGAACACAGCTGCCTCCAGCCTACACCAACAGCTTTACCAGAGGCGTGTACTACCCCGACAAGGTGTTCAGATCCAGCGTGCTGCACTCTACCCAGGACCTGTTCCTGCCTTTCTTCAGCAACGTGACCTGGTTCCACGCCATCCACGTGTCCGGCACCAATGGCACCAAGAGATTCGACAACCCCGTGCTGCCCTTCAACGACGGGGTGTACTTTGCCAGCACCGAGAAGTCCAACATCATCAGAGGCTGGATCTTCGGCACCACACTGGACAGCAAGACCCAGAGCCTGCTGATCGTGAACAACGCCACCAACGTGGTCATCAAAGTGTGCGAGTTCCAGTTCTGCAACGACCCCTTCCTGGGCGTCTACTACCACAAGAACAACAAGAGCTGGATGGAAAGCGAGTTCCGGGTGTACAGCAGCGCCAACAACTGCACCTTCGAGTACGTGTCCCAGCCTTTCCTGATGGACCTGGAAGGCAAGCAGGGCAACTTCAAGAACCTGCGCGAGTTCGTGTTTAAGAACATCGACGGCTACTTCAAGATCTACAGCAAGCACACCCCTATCAACCTCGTGCGGGATCTGCCTCAGGGCTTCTCTGCTCTGGAACCCCTGGTGGATCTGCCCATCGGCATCAACATCACCCGGTTTCAGACACTGCTGGCCCTGCACAGAAGCTACCTGACACCTGGCGATAGCAGCAGCGGATGGACAGCTGGTGCCGCCGCTTACTATGTGGGCTACCTGCAGCCTAGAACCTTCCTGCTGAAGTACAACGAGAACGGCACCATCACCGACGCCGTGGATTGTGCTCTGGATCCTCTGAGCGAGACAAAGTGCACCCTGAAGTCCTTCACCGTGGAAAAGGGCATCTACCAGACCAGCAACTTCCGGGTGCAGCCCACCGAATCCATCGTGCGGTTCCCCAATATCACCAATCTGTGCCCCTTCGGCGAGGTGTTCAATGCCACCAGATTCGCCTCTGTGTACGCCTGGAACCGGAAGCGGATCAGCAATTGCGTGGCCGACTACTCCGTGCTGTACAACTCCGCCAGCTTCAGCACCTTCAAGTGCTACGGCGTGTCCCCTACCAAGCTGAACGACCTGTGCTTCACAAACGTGTACGCCGACAGCTTCGTGATCCGGGGAGATGAAGTGCGGCAGATTGCCCCTGGACAGACAGGCAAGATCGCCGACTACAACTACAAGCTGCCCGACGACTTCACCGGCTGTGTGATTGCCTGGAACAGCAACAACCTGGACTCCAAAGTCGGCGGCAACTACAATTACCTGTACCGGCTGTTCCGGAAGTCCAATCTGAAGCCCTTCGAGCGGGACATCTCCACCGAGATCTATCAGGCCGGCAGCACCCCTTGTAACGGCGTGGAAGGCTTCAACTGCTACTTCCCACTGCAGTCCTACGGCTTTCAGCCCACAAATGGCGTGGGCTATCAGCCCTACAGAGTGGTGGTGCTGAGCTTCGAACTGCTGCATGCCCCTGCCACAGTGTGCGGCCCTAAGAAAAGCACCAATCTCGTGAAGAACAAATGCGTGAACTTCAACTTCAACGGCCTGACCGGCACCGGCGTGCTGACAGAGAGCAACAAGAAGTTCCTGCCATTCCAGCAGTTTGGCCGGGATATCGCCGATACCACAGACGCCGTTAGAGATCCCCAGACACTGGAAATCCTGGACATCACCCCTTGCAGCTTCGGCGGAGTGTCTGTGATCACCCCTGGCACCAACACCAGCAATCAGGTGGCAGTGCTGTACCAGGACGTGAACTGTACCGAAGTGCCCGTGGCCATTCACGCCGGTCAGCTGACACCTACATGGCGGGTGTACTCCACCGGCAGCAATGTGTTTCAGACCAGAGCCGGCTGTCTGATCGGAGCCGAGCACGTGAACAATAGCTACGAGTGCGACATCCCCATCGGCGCTGGAATCTGCGCCAGCTACCAGACACAGACAAACAGCCCTCGGAGAGCCAGAAGCGTGGCCAGCCAGAGCATCATTGCCTACACAATGTCTCTGGGCGCCGAGAACAGCGTGGCCTACTCCAACAACTCTATCGCTATCCCCACCAACTTCACCATCAGCGTGACCACAGAGATCCTGCCTGTGTCCATGACCAAGACCAGCGTGGACTGCACCATGTACATCTGCGGCGATTCCACCGAGTGCTCCAACCTGCTGCTGCAGTACGGCAGCTTCTGCACCCAGCTGAATAGAGCCCTGACAGGGATCGCCGTGGAACAGGACAAGAACACCCAAGAGGTGTTCGCCCAAGTGAAGCAGATCTACAAGACCCCTCCTATCAAGGACTTCGGCGGCTTCAATTTCAGCCAGATTCTGCCCGATCCTAGCAAGCCCAGCAAGCGGAGCTTCATCGAGGACCTGCTGTTCAACAAAGTGACACTGGCCGACGCCGGCTTCATCAAGCAGTATGGCGATTGTCTGGGCGACATTGCCGCCAGGGATCTGATTTGCGCCCAGAAGTTTAACGGACTGACAGTGCTGCCTCCTCTGCTGACCGATGAGATGATCGCCCAGTACACATCTGCCCTGCTGGCCGGCACAATCACAAGCGGCTGGACATTTGGAGCAGGCGCCGCTCTGCAGATCCCCTTTGCTATGCAGATGGCCTACCGGTTCAACGGCATCGGAGTGACCCAGAATGTGCTGTACGAGAACCAGAAGCTGATCGCCAACCAGTTCAACAGCGCCATCGGCAAGATCCAGGACAGCCTGAGCAGCACAGCAAGCGCCCTGGGAAAGCTGCAGGACGTGGTCAACCAGAATGCCCAGGCACTGAACACCCTGGTCAAGCAGCTGTCCTCCAACTTCGGCGCCATCAGCTCTGTGCTGAACGATATCCTGAGCAGACTGGACCCTCCTGAGGCCGAGGTGCAGATCGACAGACTGATCACAGGCAGACTGCAGAGCCTCCAGACATACGTGACCCAGCAGCTGATCAGAGCCGCCGAGATTAGAGCCTCTGCCAATCTGGCCGCCACCAAGATGTCTGAGTGTGTGCTGGGCCAGAGCAAGAGAGTGGACTTTTGCGGCAAGGGCTACCACCTGATGAGCTTCCCTCAGTCTGCCCCTCACGGCGTGGTGTTTCTGCACGTGACATATGTGCCCGCTCAAGAGAAGAATTTCACCACCGCTCCAGCCATCTGCCACGACGGCAAAGCCCACTTTCCTAGAGAAGGCGTGTTCGTGTCCAACGGCACCCATTGGTTCGTGACACAGCGGAACTTCTACGAGCCCCAGATCATCACCACCGACAACACCTTCGTGTCTGGCAACTGCGACGTCGTGATCGGCATTGTGAACAATACCGTGTACGACCCTCTGCAGCCCGAGCTGGACAGCTTCAAAGAGGAACTGGACAAGTACTTTAAGAACCACACAAGCCCCGACGTGGACCTGGGCGATATCAGCGGAATCAATGCCAGCGTCGTGAACATCCAGAAAGAGATCGACCGGCTGAACGAGGTGGCCAAGAATCTGAACGAGAGCCTGATCGACCTGCAAGAACTGGGGAAGTACGAGCAGTACATCAAGTGGCCCTGGTACATCTGGCTGGGCTTTATCGCCGGACTGATTGCCATCGTGATGGTCACAATCATGCTGTGTTGCATGACCAGCTGCTGTAGCTGCCTGAAGGGCTGTTGTAGCTGTGGCAGCTGCTGCAAGTTCGACGAGGACGATTCTGAGCCCGTGCTGAAGGGCGTGAAACTGCACTACACATGATGA
C323A_spike_bnt,AACCTGACCACCAGAACACAGCTGCCTCCAGCCTACACCAACAGCTTTACCAGAGGCGTGTACTACCCCGACAAGGTGTTCAGATCCAGCGTGCTGCACTCTACCCAGGACCTGTTCCTGCCTTTCTTCAGCAACGTGACCTGGTTCCACGCCATCCACGTGTCCGGCACCAATGGCACCAAGAGATTCGACAACCCCGTGCTGCCCTTCAACGACGGGGTGTACTTTGCCAGCACCGAGAAGTCCAACATCATCAGAGGCTGGATCTTCGGCACCACACTGGACAGCAAGACCCAGAGCCTGCTGATCGTGAACAACGCCACCAACGTGGTCATCAAAGTGTGCGAGTTCCAGTTCTGCAACGACCCCTTCCTGGGCGTCTACTACCACAAGAACAACAAGAGCTGGATGGAAAGCGAGTTCCGGGTGTACAGCAGCGCCAACAACTGCACCTTCGAGTACGTGTCCCAGCCTTTCCTGATGGACCTGGAAGGCAAGCAGGGCAACTTCAAGAACCTGCGCGAGTTCGTGTTTAAGAACATCGACGGCTACTTCAAGATCTACAGCAAGCACACCCCTATCAACCTCGTGCGGGATCTGCCTCAGGGCTTCTCTGCTCTGGAACCCCTGGTGGATCTGCCCATCGGCATCAACATCACCCGGTTTCAGACACTGCTGGCCCTGCACAGAAGCTACCTGACACCTGGCGATAGCAGCAGCGGATGGACAGCTGGTGCCGCCGCTTACTATGTGGGCTACCTGCAGCCTAGAACCTTCCTGCTGAAGTACAACGAGAACGGCACCATCACCGACGCCGTGGATTGTGCTCTGGATCCTCTGAGCGAGACAAAGTGCACCCTGAAGTCCTTCACCGTGGAAAAGGGCATCTACCAGACCAGCAACTTCCGGGTGCAGCCCACCGAATCCATCGTGCGGTTCCCCAATATCACCAATCTGGCCCCCTTCGGCGAGGTGTTCAATGCCACCAGATTCGCCTCTGTGTACGCCTGGAACCGGAAGCGGATCAGCAATTGCGTGGCCGACTACTCCGTGCTGTACAACTCCGCCAGCTTCAGCACCTTCAAGTGCTACGGCGTGTCCCCTACCAAGCTGAACGACCTGTGCTTCACAAACGTGTACGCCGACAGCTTCGTGATCCGGGGAGATGAAGTGCGGCAGATTGCCCCTGGACAGACAGGCAAGATCGCCGACTACAACTACAAGCTGCCCGACGACTTCACCGGCTGTGTGATTGCCTGGAACAGCAACAACCTGGACTCCAAAGTCGGCGGCAACTACAATTACCTGTACCGGCTGTTCCGGAAGTCCAATCTGAAGCCCTTCGAGCGGGACATCTCCACCGAGATCTATCAGGCCGGCAGCACCCCTTGTAACGGCGTGGAAGGCTTCAACTGCTACTTCCCACTGCAGTCCTACGGCTTTCAGCCCACAAATGGCGTGGGCTATCAGCCCTACAGAGTGGTGGTGCTGAGCTTCGAACTGCTGCATGCCCCTGCCACAGTGTGCGGCCCTAAGAAAAGCACCAATCTCGTGAAGAACAAATGCGTGAACTTCAACTTCAACGGCCTGACCGGCACCGGCGTGCTGACAGAGAGCAACAAGAAGTTCCTGCCATTCCAGCAGTTTGGCCGGGATATCGCCGATACCACAGACGCCGTTAGAGATCCCCAGACACTGGAAATCCTGGACATCACCCCTTGCAGCTTCGGCGGAGTGTCTGTGATCACCCCTGGCACCAACACCAGCAATCAGGTGGCAGTGCTGTACCAGGACGTGAACTGTACCGAAGTGCCCGTGGCCATTCACGCCGATCAGCTGACACCTACATGGCGGGTGTACTCCACCGGCAGCAATGTGTTTCAGACCAGAGCCGGCTGTCTGATCGGAGCCGAGCACGTGAACAATAGCTACGAGTGCGACATCCCCATCGGCGCTGGAATCTGCGCCAGCTACCAGACACAGACAAACAGCCCTCGGAGAGCCAGAAGCGTGGCCAGCCAGAGCATCATTGCCTACACAATGTCTCTGGGCGCCGAGAACAGCGTGGCCTACTCCAACAACTCTATCGCTATCCCCACCAACTTCACCATCAGCGTGACCACAGAGATCCTGCCTGTGTCCATGACCAAGACCAGCGTGGACTGCACCATGTACATCTGCGGCGATTCCACCGAGTGCTCCAACCTGCTGCTGCAGTACGGCAGCTTCTGCACCCAGCTGAATAGAGCCCTGACAGGGATCGCCGTGGAACAGGACAAGAACACCCAAGAGGTGTTCGCCCAAGTGAAGCAGATCTACAAGACCCCTCCTATCAAGGACTTCGGCGGCTTCAATTTCAGCCAGATTCTGCCCGATCCTAGCAAGCCCAGCAAGCGGAGCTTCATCGAGGACCTGCTGTTCAACAAAGTGACACTGGCCGACGCCGGCTTCATCAAGCAGTATGGCGATTGTCTGGGCGACATTGCCGCCAGGGATCTGATTTGCGCCCAGAAGTTTAACGGACTGACAGTGCTGCCTCCTCTGCTGACCGATGAGATGATCGCCCAGTACACATCTGCCCTGCTGGCCGGCACAATCACAAGCGGCTGGACATTTGGAGCAGGCGCCGCTCTGCAGATCCCCTTTGCTATGCAGATGGCCTACCGGTTCAACGGCATCGGAGTGACCCAGAATGTGCTGTACGAGAACCAGAAGCTGATCGCCAACCAGTTCAACAGCGCCATCGGCAAGATCCAGGACAGCCTGAGCAGCACAGCAAGCGCCCTGGGAAAGCTGCAGGACGTGGTCAACCAGAATGCCCAGGCACTGAACACCCTGGTCAAGCAGCTGTCCTCCAACTTCGGCGCCATCAGCTCTGTGCTGAACGATATCCTGAGCAGACTGGACCCTCCTGAGGCCGAGGTGCAGATCGACAGACTGATCACAGGCAGACTGCAGAGCCTCCAGACATACGTGACCCAGCAGCTGATCAGAGCCGCCGAGATTAGAGCCTCTGCCAATCTGGCCGCCACCAAGATGTCTGAGTGTGTGCTGGGCCAGAGCAAGAGAGTGGACTTTTGCGGCAAGGGCTACCACCTGATGAGCTTCCCTCAGTCTGCCCCTCACGGCGTGGTGTTTCTGCACGTGACATATGTGCCCGCTCAAGAGAAGAATTTCACCACCGCTCCAGCCATCTGCCACGACGGCAAAGCCCACTTTCCTAGAGAAGGCGTGTTCGTGTCCAACGGCACCCATTGGTTCGTGACACAGCGGAACTTCTACGAGCCCCAGATCATCACCACCGACAACACCTTCGTGTCTGGCAACTGCGACGTCGTGATCGGCATTGTGAACAATACCGTGTACGACCCTCTGCAGCCCGAGCTGGACAGCTTCAAAGAGGAACTGGACAAGTACTTTAAGAACCACACAAGCCCCGACGTGGACCTGGGCGATATCAGCGGAATCAATGCCAGCGTCGTGAACATCCAGAAAGAGATCGACCGGCTGAACGAGGTGGCCAAGAATCTGAACGAGAGCCTGATCGACCTGCAAGAACTGGGGAAGTACGAGCAGTACATCAAGTGGCCCTGGTACATCTGGCTGGGCTTTATCGCCGGACTGATTGCCATCGTGATGGTCACAATCATGCTGTGTTGCATGACCAGCTGCTGTAGCTGCCTGAAGGGCTGTTGTAGCTGTGGCAGCTGCTGCAAGTTCGACGAGGACGATTCTGAGCCCGTGCTGAAGGGCGTGAAACTGCACTACACATGATGA
E452A_spike_bnt,AACCTGACCACCAGAACACAGCTGCCTCCAGCCTACACCAACAGCTTTACCAGAGGCGTGTACTACCCCGACAAGGTGTTCAGATCCAGCGTGCTGCACTCTACCCAGGACCTGTTCCTGCCTTTCTTCAGCAACGTGACCTGGTTCCACGCCATCCACGTGTCCGGCACCAATGGCACCAAGAGATTCGACAACCCCGTGCTGCCCTTCAACGACGGGGTGTACTTTGCCAGCACCGAGAAGTCCAACATCATCAGAGGCTGGATCTTCGGCACCACACTGGACAGCAAGACCCAGAGCCTGCTGATCGTGAACAACGCCACCAACGTGGTCATCAAAGTGTGCGAGTTCCAGTTCTGCAACGACCCCTTCCTGGGCGTCTACTACCACAAGAACAACAAGAGCTGGATGGAAAGCGAGTTCCGGGTGTACAGCAGCGCCAACAACTGCACCTTCGAGTACGTGTCCCAGCCTTTCCTGATGGACCTGGAAGGCAAGCAGGGCAACTTCAAGAACCTGCGCGAGTTCGTGTTTAAGAACATCGACGGCTACTTCAAGATCTACAGCAAGCACACCCCTATCAACCTCGTGCGGGATCTGCCTCAGGGCTTCTCTGCTCTGGAACCCCTGGTGGATCTGCCCATCGGCATCAACATCACCCGGTTTCAGACACTGCTGGCCCTGCACAGAAGCTACCTGACACCTGGCGATAGCAGCAGCGGATGGACAGCTGGTGCCGCCGCTTACTATGTGGGCTACCTGCAGCCTAGAACCTTCCTGCTGAAGTACAACGAGAACGGCACCATCACCGACGCCGTGGATTGTGCTCTGGATCCTCTGAGCGAGACAAAGTGCACCCTGAAGTCCTTCACCGTGGAAAAGGGCATCTACCAGACCAGCAACTTCCGGGTGCAGCCCACCGAATCCATCGTGCGGTTCCCCAATATCACCAATCTGTGCCCCTTCGGCGAGGTGTTCAATGCCACCAGATTCGCCTCTGTGTACGCCTGGAACCGGAAGCGGATCAGCAATTGCGTGGCCGACTACTCCGTGCTGTACAACTCCGCCAGCTTCAGCACCTTCAAGTGCTACGGCGTGTCCCCTACCAAGCTGAACGACCTGTGCTTCACAAACGTGTACGCCGACAGCTTCGTGATCCGGGGAGATGAAGTGCGGCAGATTGCCCCTGGACAGACAGGCAAGATCGCCGACTACAACTACAAGCTGCCCGACGACTTCACCGGCTGTGTGATTGCCTGGAACAGCAACAACCTGGACTCCAAAGTCGGCGGCAACTACAATTACCTGTACCGGCTGTTCCGGAAGTCCAATCTGAAGCCCTTCGCGCGGGACATCTCCACCGAGATCTATCAGGCCGGCAGCACCCCTTGTAACGGCGTGGAAGGCTTCAACTGCTACTTCCCACTGCAGTCCTACGGCTTTCAGCCCACAAATGGCGTGGGCTATCAGCCCTACAGAGTGGTGGTGCTGAGCTTCGAACTGCTGCATGCCCCTGCCACAGTGTGCGGCCCTAAGAAAAGCACCAATCTCGTGAAGAACAAATGCGTGAACTTCAACTTCAACGGCCTGACCGGCACCGGCGTGCTGACAGAGAGCAACAAGAAGTTCCTGCCATTCCAGCAGTTTGGCCGGGATATCGCCGATACCACAGACGCCGTTAGAGATCCCCAGACACTGGAAATCCTGGACATCACCCCTTGCAGCTTCGGCGGAGTGTCTGTGATCACCCCTGGCACCAACACCAGCAATCAGGTGGCAGTGCTGTACCAGGACGTGAACTGTACCGAAGTGCCCGTGGCCATTCACGCCGATCAGCTGACACCTACATGGCGGGTGTACTCCACCGGCAGCAATGTGTTTCAGACCAGAGCCGGCTGTCTGATCGGAGCCGAGCACGTGAACAATAGCTACGAGTGCGACATCCCCATCGGCGCTGGAATCTGCGCCAGCTACCAGACACAGACAAACAGCCCTCGGAGAGCCAGAAGCGTGGCCAGCCAGAGCATCATTGCCTACACAATGTCTCTGGGCGCCGAGAACAGCGTGGCCTACTCCAACAACTCTATCGCTATCCCCACCAACTTCACCATCAGCGTGACCACAGAGATCCTGCCTGTGTCCATGACCAAGACCAGCGTGGACTGCACCATGTACATCTGCGGCGATTCCACCGAGTGCTCCAACCTGCTGCTGCAGTACGGCAGCTTCTGCACCCAGCTGAATAGAGCCCTGACAGGGATCGCCGTGGAACAGGACAAGAACACCCAAGAGGTGTTCGCCCAAGTGAAGCAGATCTACAAGACCCCTCCTATCAAGGACTTCGGCGGCTTCAATTTCAGCCAGATTCTGCCCGATCCTAGCAAGCCCAGCAAGCGGAGCTTCATCGAGGACCTGCTGTTCAACAAAGTGACACTGGCCGACGCCGGCTTCATCAAGCAGTATGGCGATTGTCTGGGCGACATTGCCGCCAGGGATCTGATTTGCGCCCAGAAGTTTAACGGACTGACAGTGCTGCCTCCTCTGCTGACCGATGAGATGATCGCCCAGTACACATCTGCCCTGCTGGCCGGCACAATCACAAGCGGCTGGACATTTGGAGCAGGCGCCGCTCTGCAGATCCCCTTTGCTATGCAGATGGCCTACCGGTTCAACGGCATCGGAGTGACCCAGAATGTGCTGTACGAGAACCAGAAGCTGATCGCCAACCAGTTCAACAGCGCCATCGGCAAGATCCAGGACAGCCTGAGCAGCACAGCAAGCGCCCTGGGAAAGCTGCAGGACGTGGTCAACCAGAATGCCCAGGCACTGAACACCCTGGTCAAGCAGCTGTCCTCCAACTTCGGCGCCATCAGCTCTGTGCTGAACGATATCCTGAGCAGACTGGACCCTCCTGAGGCCGAGGTGCAGATCGACAGACTGATCACAGGCAGACTGCAGAGCCTCCAGACATACGTGACCCAGCAGCTGATCAGAGCCGCCGAGATTAGAGCCTCTGCCAATCTGGCCGCCACCAAGATGTCTGAGTGTGTGCTGGGCCAGAGCAAGAGAGTGGACTTTTGCGGCAAGGGCTACCACCTGATGAGCTTCCCTCAGTCTGCCCCTCACGGCGTGGTGTTTCTGCACGTGACATATGTGCCCGCTCAAGAGAAGAATTTCACCACCGCTCCAGCCATCTGCCACGACGGCAAAGCCCACTTTCCTAGAGAAGGCGTGTTCGTGTCCAACGGCACCCATTGGTTCGTGACACAGCGGAACTTCTACGAGCCCCAGATCATCACCACCGACAACACCTTCGTGTCTGGCAACTGCGACGTCGTGATCGGCATTGTGAACAATACCGTGTACGACCCTCTGCAGCCCGAGCTGGACAGCTTCAAAGAGGAACTGGACAAGTACTTTAAGAACCACACAAGCCCCGACGTGGACCTGGGCGATATCAGCGGAATCAATGCCAGCGTCGTGAACATCCAGAAAGAGATCGACCGGCTGAACGAGGTGGCCAAGAATCTGAACGAGAGCCTGATCGACCTGCAAGAACTGGGGAAGTACGAGCAGTACATCAAGTGGCCCTGGTACATCTGGCTGGGCTTTATCGCCGGACTGATTGCCATCGTGATGGTCACAATCATGCTGTGTTGCATGACCAGCTGCTGTAGCTGCCTGAAGGGCTGTTGTAGCTGTGGCAGCTGCTGCAAGTTCGACGAGGACGATTCTGAGCCCGTGCTGAAGGGCGTGAAACTGCACTACACATGATGA
orignal_full_mod,GGGAAATAAGAGAGAAAAGAAGAGTAAGAAGAAATATAAGACCCCGGCGCCGCCACCATGTTCGTGTTCCTGGTGCTGCTGCCCCTGGTGAGCAGCCAGTGCGTGAACCTGACCACCCGGACCCAGCTGCCACCAGCCTACACCAACAGCTTCACCCGGGGCGTCTACTACCCCGACAAGGTGTTCCGGAGCAGCGTCCTGCACAGCACCCAGGACCTGTTCCTGCCCTTCTTCAGCAACGTGACCTGGTTCCACGCCATCCACGTGAGCGGCACCAACGGCACCAAGCGGTTCGACAACCCCGTGCTGCCCTTCAACGACGGCGTGTACTTCGCCAGCACCGAGAAGAGCAACATCATCCGGGGCTGGATCTTCGGCACCACCCTGGACAGCAAGACCCAGAGCCTGCTGATCGTGAATAACGCCACCAACGTGGTGATCAAGGTGTGCGAGTTCCAGTTCTGCAACGACCCCTTCCTGGGCGTGTACTACCACAAGAACAACAAGAGCTGGATGGAGAGCGAGTTCCGGGTGTACAGCAGCGCCAACAACTGCACCTTCGAGTACGTGAGCCAGCCCTTCCTGATGGACCTGGAGGGCAAGCAGGGCAACTTCAAGAACCTGCGGGAGTTCGTGTTCAAGAACATCGACGGCTACTTCAAGATCTACAGCAAGCACACCCCAATCAACCTGGTGCGGGATCTGCCCCAGGGCTTCTCAGCCCTGGAGCCCCTGGTGGACCTGCCCATCGGCATCAACATCACCCGGTTCCAGACCCTGCTGGCCCTGCACCGGAGCTACCTGACCCCAGGCGACAGCAGCAGCGGGTGGACAGCAGGCGCGGCTGCTTACTACGTGGGCTACCTGCAGCCCCGGACCTTCCTGCTGAAGTACAACGAGAACGGCACCATCACCGACGCCGTGGACTGCGCCCTGGACCCTCTGAGCGAGACCAAGTGCACCCTGAAGAGCTTCACCGTGGAGAAGGGCATCTACCAGACCAGCAACTTCCGGGTGCAGCCCACCGAGAGCATCGTGCGGTTCCCCAACATCACCAACCTGTGCCCCTTCGGCGAGGTGTTCAACGCCACCCGGTTCGCCAGCGTGTACGCCTGGAACCGGAAGCGGATCAGCAACTGCGTGGCCGACTACAGCGTGCTGTACAACAGCGCCAGCTTCAGCACCTTCAAGTGCTACGGCGTGAGCCCCACCAAGCTGAACGACCTGTGCTTCACCAACGTGTACGCCGACAGCTTCGTGATCCGTGGCGACGAGGTGCGGCAGATCGCACCCGGCCAGACAGGCAAGATCGCCGACTACAACTACAAGCTGCCCGACGACTTCACCGGCTGCGTGATCGCCTGGAACAGCAACAACCTCGACAGCAAGGTGGGCGGCAACTACAACTACCTGTACCGGCTGTTCCGGAAGAGCAACCTGAAGCCCTTCGAGCGGGACATCAGCACCGAGATCTACCAAGCCGGCTCCACCCCTTGCAACGGCGTGGAGGGCTTCAACTGCTACTTCCCTCTGCAGAGCTACGGCTTCCAGCCCACCAACGGCGTGGGCTACCAGCCCTACCGGGTGGTGGTGCTGAGCTTCGAGCTGCTGCACGCCCCAGCCACCGTGTGTGGCCCCAAGAAGAGCACCAACCTGGTGAAGAACAAGTGCGTGAACTTCAACTTCAACGGCCTTACCGGCACCGGCGTGCTGACCGAGAGCAACAAGAAATTCCTGCCCTTTCAGCAGTTCGGCCGGGACATCGCCGACACCACCGACGCTGTGCGGGATCCCCAGACCCTGGAGATCCTGGACATCACCCCTTGCAGCTTCGGCGGCGTGAGCGTGATCACCCCAGGCACCAACACCAGCAACCAGGTGGCCGTGCTGTACCAGGACGTGAACTGCACCGAGGTGCCCGTGGCCATCCACGCCGACCAGCTGACACCCACCTGGCGGGTCTACAGCACCGGCAGCAACGTGTTCCAGACCCGGGCCGGTTGCCTGATCGGCGCCGAGCACGTGAACAACAGCTACGAGTGCGACATCCCCATCGGCGCCGGCATCTGTGCCAGCTACCAGACCCAGACCAATTCACCCCGGAGGGCAAGGAGCGTGGCCAGCCAGAGCATCATCGCCTACACCATGAGCCTGGGCGCCGAGAACAGCGTGGCCTACAGCAACAACAGCATCGCCATCCCCACCAACTTCACCATCAGCGTGACCACCGAGATTCTGCCCGTGAGCATGACCAAGACCAGCGTGGACTGCACCATGTACATCTGCGGCGACAGCACCGAGTGCAGCAACCTGCTGCTGCAGTACGGCAGCTTCTGCACCCAGCTGAACCGGGCCCTGACCGGCATCGCCGTGGAGCAGGACAAGAACACCCAGGAGGTGTTCGCCCAGGTGAAGCAGATCTACAAGACCCCTCCCATCAAGGACTTCGGCGGCTTCAACTTCAGCCAGATCCTGCCCGACCCCAGCAAGCCCAGCAAGCGGAGCTTCATCGAGGACCTGCTGTTCAACAAGGTGACCCTAGCCGACGCCGGCTTCATCAAGCAGTACGGCGACTGCCTCGGCGACATAGCCGCCCGGGACCTGATCTGCGCCCAGAAGTTCAACGGCCTGACCGTGCTGCCTCCCCTGCTGACCGACGAGATGATCGCCCAGTACACCAGCGCCCTGTTAGCCGGAACCATCACCAGCGGCTGGACTTTCGGCGCTGGAGCCGCTCTGCAGATCCCCTTCGCCATGCAGATGGCCTACCGGTTCAACGGCATCGGCGTGACCCAGAACGTGCTGTACGAGAACCAGAAGCTGATCGCCAACCAGTTCAACAGCGCCATCGGCAAGATCCAGGACAGCCTGAGCAGCACCGCTAGCGCCCTGGGCAAGCTGCAGGACGTGGTGAACCAGAACGCCCAGGCCCTGAACACCCTGGTGAAGCAGCTGAGCAGCAACTTCGGCGCCATCAGCAGCGTGCTGAACGACATCCTGAGCCGGCTGGACCCTCCCGAGGCCGAGGTGCAGATCGACCGGCTGATCACTGGCCGGCTGCAGAGCCTGCAGACCTACGTGACCCAGCAGCTGATCCGGGCCGCCGAGATTCGGGCCAGCGCCAACCTGGCCGCCACCAAGATGAGCGAGTGCGTGCTGGGCCAGAGCAAGCGGGTGGACTTCTGCGGCAAGGGCTACCACCTGATGAGCTTTCCCCAGAGCGCACCCCACGGAGTGGTGTTCCTGCACGTGACCTACGTGCCCGCCCAGGAGAAGAACTTCACCACCGCCCCAGCCATCTGCCACGACGGCAAGGCCCACTTTCCCCGGGAGGGCGTGTTCGTGAGCAACGGCACCCACTGGTTCGTGACCCAGCGGAACTTCTACGAGCCCCAGATCATCACCACCGACAACACCTTCGTGAGCGGCAACTGCGACGTGGTGATCGGCATCGTGAACAACACCGTGTACGATCCCCTGCAGCCCGAGCTGGACAGCTTCAAGGAGGAGCTGGACAAGTACTTCAAGAATCACACCAGCCCCGACGTGGACCTGGGCGACATCAGCGGCATCAACGCCAGCGTGGTGAACATCCAGAAGGAGATCGATCGGCTGAACGAGGTGGCCAAGAACCTGAACGAGAGCCTGATCGACCTGCAGGAGCTGGGCAAGTACGAGCAGTACATCAAGTGGCCCTGGTACATCTGGCTGGGCTTCATCGCCGGCCTGATCGCCATCGTGATGGTGACCATCATGCTGTGCTGCATGACCAGCTGCTGCAGCTGCCTGAAGGGCTGTTGCAGCTGCGGCAGCTGCTGCAAGTTCGACGAGGACGACAGCGAGCCCGTGCTGAAGGGCGTGAAGCTGCACTACACCTGATAATAGGCTGGAGCCTCGGTGGCCTAGCTTCTTGCCCCTTGGGCCTCCCCCCAGCCCCTCCTCCCCTTCCTGCACCCGTACCCCCGTGGTCTTTGAATAAAGTCTGAGTGGGCGGCAAAAAAAAA
D614G_full_mod,GGGAAATAAGAGAGAAAAGAAGAGTAAGAAGAAATATAAGACCCCGGCGCCGCCACCATGTTCGTGTTCCTGGTGCTGCTGCCCCTGGTGAGCAGCCAGTGCGTGAACCTGACCACCCGGACCCAGCTGCCACCAGCCTACACCAACAGCTTCACCCGGGGCGTCTACTACCCCGACAAGGTGTTCCGGAGCAGCGTCCTGCACAGCACCCAGGACCTGTTCCTGCCCTTCTTCAGCAACGTGACCTGGTTCCACGCCATCCACGTGAGCGGCACCAACGGCACCAAGCGGTTCGACAACCCCGTGCTGCCCTTCAACGACGGCGTGTACTTCGCCAGCACCGAGAAGAGCAACATCATCCGGGGCTGGATCTTCGGCACCACCCTGGACAGCAAGACCCAGAGCCTGCTGATCGTGAATAACGCCACCAACGTGGTGATCAAGGTGTGCGAGTTCCAGTTCTGCAACGACCCCTTCCTGGGCGTGTACTACCACAAGAACAACAAGAGCTGGATGGAGAGCGAGTTCCGGGTGTACAGCAGCGCCAACAACTGCACCTTCGAGTACGTGAGCCAGCCCTTCCTGATGGACCTGGAGGGCAAGCAGGGCAACTTCAAGAACCTGCGGGAGTTCGTGTTCAAGAACATCGACGGCTACTTCAAGATCTACAGCAAGCACACCCCAATCAACCTGGTGCGGGATCTGCCCCAGGGCTTCTCAGCCCTGGAGCCCCTGGTGGACCTGCCCATCGGCATCAACATCACCCGGTTCCAGACCCTGCTGGCCCTGCACCGGAGCTACCTGACCCCAGGCGACAGCAGCAGCGGGTGGACAGCAGGCGCGGCTGCTTACTACGTGGGCTACCTGCAGCCCCGGACCTTCCTGCTGAAGTACAACGAGAACGGCACCATCACCGACGCCGTGGACTGCGCCCTGGACCCTCTGAGCGAGACCAAGTGCACCCTGAAGAGCTTCACCGTGGAGAAGGGCATCTACCAGACCAGCAACTTCCGGGTGCAGCCCACCGAGAGCATCGTGCGGTTCCCCAACATCACCAACCTGTGCCCCTTCGGCGAGGTGTTCAACGCCACCCGGTTCGCCAGCGTGTACGCCTGGAACCGGAAGCGGATCAGCAACTGCGTGGCCGACTACAGCGTGCTGTACAACAGCGCCAGCTTCAGCACCTTCAAGTGCTACGGCGTGAGCCCCACCAAGCTGAACGACCTGTGCTTCACCAACGTGTACGCCGACAGCTTCGTGATCCGTGGCGACGAGGTGCGGCAGATCGCACCCGGCCAGACAGGCAAGATCGCCGACTACAACTACAAGCTGCCCGACGACTTCACCGGCTGCGTGATCGCCTGGAACAGCAACAACCTCGACAGCAAGGTGGGCGGCAACTACAACTACCTGTACCGGCTGTTCCGGAAGAGCAACCTGAAGCCCTTCGAGCGGGACATCAGCACCGAGATCTACCAAGCCGGCTCCACCCCTTGCAACGGCGTGGAGGGCTTCAACTGCTACTTCCCTCTGCAGAGCTACGGCTTCCAGCCCACCAACGGCGTGGGCTACCAGCCCTACCGGGTGGTGGTGCTGAGCTTCGAGCTGCTGCACGCCCCAGCCACCGTGTGTGGCCCCAAGAAGAGCACCAACCTGGTGAAGAACAAGTGCGTGAACTTCAACTTCAACGGCCTTACCGGCACCGGCGTGCTGACCGAGAGCAACAAGAAATTCCTGCCCTTTCAGCAGTTCGGCCGGGACATCGCCGACACCACCGACGCTGTGCGGGATCCCCAGACCCTGGAGATCCTGGACATCACCCCTTGCAGCTTCGGCGGCGTGAGCGTGATCACCCCAGGCACCAACACCAGCAACCAGGTGGCCGTGCTGTACCAGGACGTGAACTGCACCGAGGTGCCCGTGGCCATCCACGCCGGTCAGCTGACACCCACCTGGCGGGTCTACAGCACCGGCAGCAACGTGTTCCAGACCCGGGCCGGTTGCCTGATCGGCGCCGAGCACGTGAACAACAGCTACGAGTGCGACATCCCCATCGGCGCCGGCATCTGTGCCAGCTACCAGACCCAGACCAATTCACCCCGGAGGGCAAGGAGCGTGGCCAGCCAGAGCATCATCGCCTACACCATGAGCCTGGGCGCCGAGAACAGCGTGGCCTACAGCAACAACAGCATCGCCATCCCCACCAACTTCACCATCAGCGTGACCACCGAGATTCTGCCCGTGAGCATGACCAAGACCAGCGTGGACTGCACCATGTACATCTGCGGCGACAGCACCGAGTGCAGCAACCTGCTGCTGCAGTACGGCAGCTTCTGCACCCAGCTGAACCGGGCCCTGACCGGCATCGCCGTGGAGCAGGACAAGAACACCCAGGAGGTGTTCGCCCAGGTGAAGCAGATCTACAAGACCCCTCCCATCAAGGACTTCGGCGGCTTCAACTTCAGCCAGATCCTGCCCGACCCCAGCAAGCCCAGCAAGCGGAGCTTCATCGAGGACCTGCTGTTCAACAAGGTGACCCTAGCCGACGCCGGCTTCATCAAGCAGTACGGCGACTGCCTCGGCGACATAGCCGCCCGGGACCTGATCTGCGCCCAGAAGTTCAACGGCCTGACCGTGCTGCCTCCCCTGCTGACCGACGAGATGATCGCCCAGTACACCAGCGCCCTGTTAGCCGGAACCATCACCAGCGGCTGGACTTTCGGCGCTGGAGCCGCTCTGCAGATCCCCTTCGCCATGCAGATGGCCTACCGGTTCAACGGCATCGGCGTGACCCAGAACGTGCTGTACGAGAACCAGAAGCTGATCGCCAACCAGTTCAACAGCGCCATCGGCAAGATCCAGGACAGCCTGAGCAGCACCGCTAGCGCCCTGGGCAAGCTGCAGGACGTGGTGAACCAGAACGCCCAGGCCCTGAACACCCTGGTGAAGCAGCTGAGCAGCAACTTCGGCGCCATCAGCAGCGTGCTGAACGACATCCTGAGCCGGCTGGACCCTCCCGAGGCCGAGGTGCAGATCGACCGGCTGATCACTGGCCGGCTGCAGAGCCTGCAGACCTACGTGACCCAGCAGCTGATCCGGGCCGCCGAGATTCGGGCCAGCGCCAACCTGGCCGCCACCAAGATGAGCGAGTGCGTGCTGGGCCAGAGCAAGCGGGTGGACTTCTGCGGCAAGGGCTACCACCTGATGAGCTTTCCCCAGAGCGCACCCCACGGAGTGGTGTTCCTGCACGTGACCTACGTGCCCGCCCAGGAGAAGAACTTCACCACCGCCCCAGCCATCTGCCACGACGGCAAGGCCCACTTTCCCCGGGAGGGCGTGTTCGTGAGCAACGGCACCCACTGGTTCGTGACCCAGCGGAACTTCTACGAGCCCCAGATCATCACCACCGACAACACCTTCGTGAGCGGCAACTGCGACGTGGTGATCGGCATCGTGAACAACACCGTGTACGATCCCCTGCAGCCCGAGCTGGACAGCTTCAAGGAGGAGCTGGACAAGTACTTCAAGAATCACACCAGCCCCGACGTGGACCTGGGCGACATCAGCGGCATCAACGCCAGCGTGGTGAACATCCAGAAGGAGATCGATCGGCTGAACGAGGTGGCCAAGAACCTGAACGAGAGCCTGATCGACCTGCAGGAGCTGGGCAAGTACGAGCAGTACATCAAGTGGCCCTGGTACATCTGGCTGGGCTTCATCGCCGGCCTGATCGCCATCGTGATGGTGACCATCATGCTGTGCTGCATGACCAGCTGCTGCAGCTGCCTGAAGGGCTGTTGCAGCTGCGGCAGCTGCTGCAAGTTCGACGAGGACGACAGCGAGCCCGTGCTGAAGGGCGTGAAGCTGCACTACACCTGATAATAGGCTGGAGCCTCGGTGGCCTAGCTTCTTGCCCCTTGGGCCTCCCCCCAGCCCCTCCTCCCCTTCCTGCACCCGTACCCCCGTGGTCTTTGAATAAAGTCTGAGTGGGCGGCAAAAAAAAA
C323A_full_mod,GGGAAATAAGAGAGAAAAGAAGAGTAAGAAGAAATATAAGACCCCGGCGCCGCCACCATGTTCGTGTTCCTGGTGCTGCTGCCCCTGGTGAGCAGCCAGTGCGTGAACCTGACCACCCGGACCCAGCTGCCACCAGCCTACACCAACAGCTTCACCCGGGGCGTCTACTACCCCGACAAGGTGTTCCGGAGCAGCGTCCTGCACAGCACCCAGGACCTGTTCCTGCCCTTCTTCAGCAACGTGACCTGGTTCCACGCCATCCACGTGAGCGGCACCAACGGCACCAAGCGGTTCGACAACCCCGTGCTGCCCTTCAACGACGGCGTGTACTTCGCCAGCACCGAGAAGAGCAACATCATCCGGGGCTGGATCTTCGGCACCACCCTGGACAGCAAGACCCAGAGCCTGCTGATCGTGAATAACGCCACCAACGTGGTGATCAAGGTGTGCGAGTTCCAGTTCTGCAACGACCCCTTCCTGGGCGTGTACTACCACAAGAACAACAAGAGCTGGATGGAGAGCGAGTTCCGGGTGTACAGCAGCGCCAACAACTGCACCTTCGAGTACGTGAGCCAGCCCTTCCTGATGGACCTGGAGGGCAAGCAGGGCAACTTCAAGAACCTGCGGGAGTTCGTGTTCAAGAACATCGACGGCTACTTCAAGATCTACAGCAAGCACACCCCAATCAACCTGGTGCGGGATCTGCCCCAGGGCTTCTCAGCCCTGGAGCCCCTGGTGGACCTGCCCATCGGCATCAACATCACCCGGTTCCAGACCCTGCTGGCCCTGCACCGGAGCTACCTGACCCCAGGCGACAGCAGCAGCGGGTGGACAGCAGGCGCGGCTGCTTACTACGTGGGCTACCTGCAGCCCCGGACCTTCCTGCTGAAGTACAACGAGAACGGCACCATCACCGACGCCGTGGACTGCGCCCTGGACCCTCTGAGCGAGACCAAGTGCACCCTGAAGAGCTTCACCGTGGAGAAGGGCATCTACCAGACCAGCAACTTCCGGGTGCAGCCCACCGAGAGCATCGTGCGGTTCCCCAACATCACCAACCTGGCCCCCTTCGGCGAGGTGTTCAACGCCACCCGGTTCGCCAGCGTGTACGCCTGGAACCGGAAGCGGATCAGCAACTGCGTGGCCGACTACAGCGTGCTGTACAACAGCGCCAGCTTCAGCACCTTCAAGTGCTACGGCGTGAGCCCCACCAAGCTGAACGACCTGTGCTTCACCAACGTGTACGCCGACAGCTTCGTGATCCGTGGCGACGAGGTGCGGCAGATCGCACCCGGCCAGACAGGCAAGATCGCCGACTACAACTACAAGCTGCCCGACGACTTCACCGGCTGCGTGATCGCCTGGAACAGCAACAACCTCGACAGCAAGGTGGGCGGCAACTACAACTACCTGTACCGGCTGTTCCGGAAGAGCAACCTGAAGCCCTTCGAGCGGGACATCAGCACCGAGATCTACCAAGCCGGCTCCACCCCTTGCAACGGCGTGGAGGGCTTCAACTGCTACTTCCCTCTGCAGAGCTACGGCTTCCAGCCCACCAACGGCGTGGGCTACCAGCCCTACCGGGTGGTGGTGCTGAGCTTCGAGCTGCTGCACGCCCCAGCCACCGTGTGTGGCCCCAAGAAGAGCACCAACCTGGTGAAGAACAAGTGCGTGAACTTCAACTTCAACGGCCTTACCGGCACCGGCGTGCTGACCGAGAGCAACAAGAAATTCCTGCCCTTTCAGCAGTTCGGCCGGGACATCGCCGACACCACCGACGCTGTGCGGGATCCCCAGACCCTGGAGATCCTGGACATCACCCCTTGCAGCTTCGGCGGCGTGAGCGTGATCACCCCAGGCACCAACACCAGCAACCAGGTGGCCGTGCTGTACCAGGACGTGAACTGCACCGAGGTGCCCGTGGCCATCCACGCCGACCAGCTGACACCCACCTGGCGGGTCTACAGCACCGGCAGCAACGTGTTCCAGACCCGGGCCGGTTGCCTGATCGGCGCCGAGCACGTGAACAACAGCTACGAGTGCGACATCCCCATCGGCGCCGGCATCTGTGCCAGCTACCAGACCCAGACCAATTCACCCCGGAGGGCAAGGAGCGTGGCCAGCCAGAGCATCATCGCCTACACCATGAGCCTGGGCGCCGAGAACAGCGTGGCCTACAGCAACAACAGCATCGCCATCCCCACCAACTTCACCATCAGCGTGACCACCGAGATTCTGCCCGTGAGCATGACCAAGACCAGCGTGGACTGCACCATGTACATCTGCGGCGACAGCACCGAGTGCAGCAACCTGCTGCTGCAGTACGGCAGCTTCTGCACCCAGCTGAACCGGGCCCTGACCGGCATCGCCGTGGAGCAGGACAAGAACACCCAGGAGGTGTTCGCCCAGGTGAAGCAGATCTACAAGACCCCTCCCATCAAGGACTTCGGCGGCTTCAACTTCAGCCAGATCCTGCCCGACCCCAGCAAGCCCAGCAAGCGGAGCTTCATCGAGGACCTGCTGTTCAACAAGGTGACCCTAGCCGACGCCGGCTTCATCAAGCAGTACGGCGACTGCCTCGGCGACATAGCCGCCCGGGACCTGATCTGCGCCCAGAAGTTCAACGGCCTGACCGTGCTGCCTCCCCTGCTGACCGACGAGATGATCGCCCAGTACACCAGCGCCCTGTTAGCCGGAACCATCACCAGCGGCTGGACTTTCGGCGCTGGAGCCGCTCTGCAGATCCCCTTCGCCATGCAGATGGCCTACCGGTTCAACGGCATCGGCGTGACCCAGAACGTGCTGTACGAGAACCAGAAGCTGATCGCCAACCAGTTCAACAGCGCCATCGGCAAGATCCAGGACAGCCTGAGCAGCACCGCTAGCGCCCTGGGCAAGCTGCAGGACGTGGTGAACCAGAACGCCCAGGCCCTGAACACCCTGGTGAAGCAGCTGAGCAGCAACTTCGGCGCCATCAGCAGCGTGCTGAACGACATCCTGAGCCGGCTGGACCCTCCCGAGGCCGAGGTGCAGATCGACCGGCTGATCACTGGCCGGCTGCAGAGCCTGCAGACCTACGTGACCCAGCAGCTGATCCGGGCCGCCGAGATTCGGGCCAGCGCCAACCTGGCCGCCACCAAGATGAGCGAGTGCGTGCTGGGCCAGAGCAAGCGGGTGGACTTCTGCGGCAAGGGCTACCACCTGATGAGCTTTCCCCAGAGCGCACCCCACGGAGTGGTGTTCCTGCACGTGACCTACGTGCCCGCCCAGGAGAAGAACTTCACCACCGCCCCAGCCATCTGCCACGACGGCAAGGCCCACTTTCCCCGGGAGGGCGTGTTCGTGAGCAACGGCACCCACTGGTTCGTGACCCAGCGGAACTTCTACGAGCCCCAGATCATCACCACCGACAACACCTTCGTGAGCGGCAACTGCGACGTGGTGATCGGCATCGTGAACAACACCGTGTACGATCCCCTGCAGCCCGAGCTGGACAGCTTCAAGGAGGAGCTGGACAAGTACTTCAAGAATCACACCAGCCCCGACGTGGACCTGGGCGACATCAGCGGCATCAACGCCAGCGTGGTGAACATCCAGAAGGAGATCGATCGGCTGAACGAGGTGGCCAAGAACCTGAACGAGAGCCTGATCGACCTGCAGGAGCTGGGCAAGTACGAGCAGTACATCAAGTGGCCCTGGTACATCTGGCTGGGCTTCATCGCCGGCCTGATCGCCATCGTGATGGTGACCATCATGCTGTGCTGCATGACCAGCTGCTGCAGCTGCCTGAAGGGCTGTTGCAGCTGCGGCAGCTGCTGCAAGTTCGACGAGGACGACAGCGAGCCCGTGCTGAAGGGCGTGAAGCTGCACTACACCTGATAATAGGCTGGAGCCTCGGTGGCCTAGCTTCTTGCCCCTTGGGCCTCCCCCCAGCCCCTCCTCCCCTTCCTGCACCCGTACCCCCGTGGTCTTTGAATAAAGTCTGAGTGGGCGGCAAAAAAAAA
E452A_full_mod,GGGAAATAAGAGAGAAAAGAAGAGTAAGAAGAAATATAAGACCCCGGCGCCGCCACCATGTTCGTGTTCCTGGTGCTGCTGCCCCTGGTGAGCAGCCAGTGCGTGAACCTGACCACCCGGACCCAGCTGCCACCAGCCTACACCAACAGCTTCACCCGGGGCGTCTACTACCCCGACAAGGTGTTCCGGAGCAGCGTCCTGCACAGCACCCAGGACCTGTTCCTGCCCTTCTTCAGCAACGTGACCTGGTTCCACGCCATCCACGTGAGCGGCACCAACGGCACCAAGCGGTTCGACAACCCCGTGCTGCCCTTCAACGACGGCGTGTACTTCGCCAGCACCGAGAAGAGCAACATCATCCGGGGCTGGATCTTCGGCACCACCCTGGACAGCAAGACCCAGAGCCTGCTGATCGTGAATAACGCCACCAACGTGGTGATCAAGGTGTGCGAGTTCCAGTTCTGCAACGACCCCTTCCTGGGCGTGTACTACCACAAGAACAACAAGAGCTGGATGGAGAGCGAGTTCCGGGTGTACAGCAGCGCCAACAACTGCACCTTCGAGTACGTGAGCCAGCCCTTCCTGATGGACCTGGAGGGCAAGCAGGGCAACTTCAAGAACCTGCGGGAGTTCGTGTTCAAGAACATCGACGGCTACTTCAAGATCTACAGCAAGCACACCCCAATCAACCTGGTGCGGGATCTGCCCCAGGGCTTCTCAGCCCTGGAGCCCCTGGTGGACCTGCCCATCGGCATCAACATCACCCGGTTCCAGACCCTGCTGGCCCTGCACCGGAGCTACCTGACCCCAGGCGACAGCAGCAGCGGGTGGACAGCAGGCGCGGCTGCTTACTACGTGGGCTACCTGCAGCCCCGGACCTTCCTGCTGAAGTACAACGAGAACGGCACCATCACCGACGCCGTGGACTGCGCCCTGGACCCTCTGAGCGAGACCAAGTGCACCCTGAAGAGCTTCACCGTGGAGAAGGGCATCTACCAGACCAGCAACTTCCGGGTGCAGCCCACCGAGAGCATCGTGCGGTTCCCCAACATCACCAACCTGTGCCCCTTCGGCGAGGTGTTCAACGCCACCCGGTTCGCCAGCGTGTACGCCTGGAACCGGAAGCGGATCAGCAACTGCGTGGCCGACTACAGCGTGCTGTACAACAGCGCCAGCTTCAGCACCTTCAAGTGCTACGGCGTGAGCCCCACCAAGCTGAACGACCTGTGCTTCACCAACGTGTACGCCGACAGCTTCGTGATCCGTGGCGACGAGGTGCGGCAGATCGCACCCGGCCAGACAGGCAAGATCGCCGACTACAACTACAAGCTGCCCGACGACTTCACCGGCTGCGTGATCGCCTGGAACAGCAACAACCTCGACAGCAAGGTGGGCGGCAACTACAACTACCTGTACCGGCTGTTCCGGAAGAGCAACCTGAAGCCCTTCGCGCGGGACATCAGCACCGAGATCTACCAAGCCGGCTCCACCCCTTGCAACGGCGTGGAGGGCTTCAACTGCTACTTCCCTCTGCAGAGCTACGGCTTCCAGCCCACCAACGGCGTGGGCTACCAGCCCTACCGGGTGGTGGTGCTGAGCTTCGAGCTGCTGCACGCCCCAGCCACCGTGTGTGGCCCCAAGAAGAGCACCAACCTGGTGAAGAACAAGTGCGTGAACTTCAACTTCAACGGCCTTACCGGCACCGGCGTGCTGACCGAGAGCAACAAGAAATTCCTGCCCTTTCAGCAGTTCGGCCGGGACATCGCCGACACCACCGACGCTGTGCGGGATCCCCAGACCCTGGAGATCCTGGACATCACCCCTTGCAGCTTCGGCGGCGTGAGCGTGATCACCCCAGGCACCAACACCAGCAACCAGGTGGCCGTGCTGTACCAGGACGTGAACTGCACCGAGGTGCCCGTGGCCATCCACGCCGACCAGCTGACACCCACCTGGCGGGTCTACAGCACCGGCAGCAACGTGTTCCAGACCCGGGCCGGTTGCCTGATCGGCGCCGAGCACGTGAACAACAGCTACGAGTGCGACATCCCCATCGGCGCCGGCATCTGTGCCAGCTACCAGACCCAGACCAATTCACCCCGGAGGGCAAGGAGCGTGGCCAGCCAGAGCATCATCGCCTACACCATGAGCCTGGGCGCCGAGAACAGCGTGGCCTACAGCAACAACAGCATCGCCATCCCCACCAACTTCACCATCAGCGTGACCACCGAGATTCTGCCCGTGAGCATGACCAAGACCAGCGTGGACTGCACCATGTACATCTGCGGCGACAGCACCGAGTGCAGCAACCTGCTGCTGCAGTACGGCAGCTTCTGCACCCAGCTGAACCGGGCCCTGACCGGCATCGCCGTGGAGCAGGACAAGAACACCCAGGAGGTGTTCGCCCAGGTGAAGCAGATCTACAAGACCCCTCCCATCAAGGACTTCGGCGGCTTCAACTTCAGCCAGATCCTGCCCGACCCCAGCAAGCCCAGCAAGCGGAGCTTCATCGAGGACCTGCTGTTCAACAAGGTGACCCTAGCCGACGCCGGCTTCATCAAGCAGTACGGCGACTGCCTCGGCGACATAGCCGCCCGGGACCTGATCTGCGCCCAGAAGTTCAACGGCCTGACCGTGCTGCCTCCCCTGCTGACCGACGAGATGATCGCCCAGTACACCAGCGCCCTGTTAGCCGGAACCATCACCAGCGGCTGGACTTTCGGCGCTGGAGCCGCTCTGCAGATCCCCTTCGCCATGCAGATGGCCTACCGGTTCAACGGCATCGGCGTGACCCAGAACGTGCTGTACGAGAACCAGAAGCTGATCGCCAACCAGTTCAACAGCGCCATCGGCAAGATCCAGGACAGCCTGAGCAGCACCGCTAGCGCCCTGGGCAAGCTGCAGGACGTGGTGAACCAGAACGCCCAGGCCCTGAACACCCTGGTGAAGCAGCTGAGCAGCAACTTCGGCGCCATCAGCAGCGTGCTGAACGACATCCTGAGCCGGCTGGACCCTCCCGAGGCCGAGGTGCAGATCGACCGGCTGATCACTGGCCGGCTGCAGAGCCTGCAGACCTACGTGACCCAGCAGCTGATCCGGGCCGCCGAGATTCGGGCCAGCGCCAACCTGGCCGCCACCAAGATGAGCGAGTGCGTGCTGGGCCAGAGCAAGCGGGTGGACTTCTGCGGCAAGGGCTACCACCTGATGAGCTTTCCCCAGAGCGCACCCCACGGAGTGGTGTTCCTGCACGTGACCTACGTGCCCGCCCAGGAGAAGAACTTCACCACCGCCCCAGCCATCTGCCACGACGGCAAGGCCCACTTTCCCCGGGAGGGCGTGTTCGTGAGCAACGGCACCCACTGGTTCGTGACCCAGCGGAACTTCTACGAGCCCCAGATCATCACCACCGACAACACCTTCGTGAGCGGCAACTGCGACGTGGTGATCGGCATCGTGAACAACACCGTGTACGATCCCCTGCAGCCCGAGCTGGACAGCTTCAAGGAGGAGCTGGACAAGTACTTCAAGAATCACACCAGCCCCGACGTGGACCTGGGCGACATCAGCGGCATCAACGCCAGCGTGGTGAACATCCAGAAGGAGATCGATCGGCTGAACGAGGTGGCCAAGAACCTGAACGAGAGCCTGATCGACCTGCAGGAGCTGGGCAAGTACGAGCAGTACATCAAGTGGCCCTGGTACATCTGGCTGGGCTTCATCGCCGGCCTGATCGCCATCGTGATGGTGACCATCATGCTGTGCTGCATGACCAGCTGCTGCAGCTGCCTGAAGGGCTGTTGCAGCTGCGGCAGCTGCTGCAAGTTCGACGAGGACGACAGCGAGCCCGTGCTGAAGGGCGTGAAGCTGCACTACACCTGATAATAGGCTGGAGCCTCGGTGGCCTAGCTTCTTGCCCCTTGGGCCTCCCCCCAGCCCCTCCTCCCCTTCCTGCACCCGTACCCCCGTGGTCTTTGAATAAAGTCTGAGTGGGCGGCAAAAAAAAA
orignal_spike_mod,AACCTGACCACCCGGACCCAGCTGCCACCAGCCTACACCAACAGCTTCACCCGGGGCGTCTACTACCCCGACAAGGTGTTCCGGAGCAGCGTCCTGCACAGCACCCAGGACCTGTTCCTGCCCTTCTTCAGCAACGTGACCTGGTTCCACGCCATCCACGTGAGCGGCACCAACGGCACCAAGCGGTTCGACAACCCCGTGCTGCCCTTCAACGACGGCGTGTACTTCGCCAGCACCGAGAAGAGCAACATCATCCGGGGCTGGATCTTCGGCACCACCCTGGACAGCAAGACCCAGAGCCTGCTGATCGTGAATAACGCCACCAACGTGGTGATCAAGGTGTGCGAGTTCCAGTTCTGCAACGACCCCTTCCTGGGCGTGTACTACCACAAGAACAACAAGAGCTGGATGGAGAGCGAGTTCCGGGTGTACAGCAGCGCCAACAACTGCACCTTCGAGTACGTGAGCCAGCCCTTCCTGATGGACCTGGAGGGCAAGCAGGGCAACTTCAAGAACCTGCGGGAGTTCGTGTTCAAGAACATCGACGGCTACTTCAAGATCTACAGCAAGCACACCCCAATCAACCTGGTGCGGGATCTGCCCCAGGGCTTCTCAGCCCTGGAGCCCCTGGTGGACCTGCCCATCGGCATCAACATCACCCGGTTCCAGACCCTGCTGGCCCTGCACCGGAGCTACCTGACCCCAGGCGACAGCAGCAGCGGGTGGACAGCAGGCGCGGCTGCTTACTACGTGGGCTACCTGCAGCCCCGGACCTTCCTGCTGAAGTACAACGAGAACGGCACCATCACCGACGCCGTGGACTGCGCCCTGGACCCTCTGAGCGAGACCAAGTGCACCCTGAAGAGCTTCACCGTGGAGAAGGGCATCTACCAGACCAGCAACTTCCGGGTGCAGCCCACCGAGAGCATCGTGCGGTTCCCCAACATCACCAACCTGTGCCCCTTCGGCGAGGTGTTCAACGCCACCCGGTTCGCCAGCGTGTACGCCTGGAACCGGAAGCGGATCAGCAACTGCGTGGCCGACTACAGCGTGCTGTACAACAGCGCCAGCTTCAGCACCTTCAAGTGCTACGGCGTGAGCCCCACCAAGCTGAACGACCTGTGCTTCACCAACGTGTACGCCGACAGCTTCGTGATCCGTGGCGACGAGGTGCGGCAGATCGCACCCGGCCAGACAGGCAAGATCGCCGACTACAACTACAAGCTGCCCGACGACTTCACCGGCTGCGTGATCGCCTGGAACAGCAACAACCTCGACAGCAAGGTGGGCGGCAACTACAACTACCTGTACCGGCTGTTCCGGAAGAGCAACCTGAAGCCCTTCGAGCGGGACATCAGCACCGAGATCTACCAAGCCGGCTCCACCCCTTGCAACGGCGTGGAGGGCTTCAACTGCTACTTCCCTCTGCAGAGCTACGGCTTCCAGCCCACCAACGGCGTGGGCTACCAGCCCTACCGGGTGGTGGTGCTGAGCTTCGAGCTGCTGCACGCCCCAGCCACCGTGTGTGGCCCCAAGAAGAGCACCAACCTGGTGAAGAACAAGTGCGTGAACTTCAACTTCAACGGCCTTACCGGCACCGGCGTGCTGACCGAGAGCAACAAGAAATTCCTGCCCTTTCAGCAGTTCGGCCGGGACATCGCCGACACCACCGACGCTGTGCGGGATCCCCAGACCCTGGAGATCCTGGACATCACCCCTTGCAGCTTCGGCGGCGTGAGCGTGATCACCCCAGGCACCAACACCAGCAACCAGGTGGCCGTGCTGTACCAGGACGTGAACTGCACCGAGGTGCCCGTGGCCATCCACGCCGACCAGCTGACACCCACCTGGCGGGTCTACAGCACCGGCAGCAACGTGTTCCAGACCCGGGCCGGTTGCCTGATCGGCGCCGAGCACGTGAACAACAGCTACGAGTGCGACATCCCCATCGGCGCCGGCATCTGTGCCAGCTACCAGACCCAGACCAATTCACCCCGGAGGGCAAGGAGCGTGGCCAGCCAGAGCATCATCGCCTACACCATGAGCCTGGGCGCCGAGAACAGCGTGGCCTACAGCAACAACAGCATCGCCATCCCCACCAACTTCACCATCAGCGTGACCACCGAGATTCTGCCCGTGAGCATGACCAAGACCAGCGTGGACTGCACCATGTACATCTGCGGCGACAGCACCGAGTGCAGCAACCTGCTGCTGCAGTACGGCAGCTTCTGCACCCAGCTGAACCGGGCCCTGACCGGCATCGCCGTGGAGCAGGACAAGAACACCCAGGAGGTGTTCGCCCAGGTGAAGCAGATCTACAAGACCCCTCCCATCAAGGACTTCGGCGGCTTCAACTTCAGCCAGATCCTGCCCGACCCCAGCAAGCCCAGCAAGCGGAGCTTCATCGAGGACCTGCTGTTCAACAAGGTGACCCTAGCCGACGCCGGCTTCATCAAGCAGTACGGCGACTGCCTCGGCGACATAGCCGCCCGGGACCTGATCTGCGCCCAGAAGTTCAACGGCCTGACCGTGCTGCCTCCCCTGCTGACCGACGAGATGATCGCCCAGTACACCAGCGCCCTGTTAGCCGGAACCATCACCAGCGGCTGGACTTTCGGCGCTGGAGCCGCTCTGCAGATCCCCTTCGCCATGCAGATGGCCTACCGGTTCAACGGCATCGGCGTGACCCAGAACGTGCTGTACGAGAACCAGAAGCTGATCGCCAACCAGTTCAACAGCGCCATCGGCAAGATCCAGGACAGCCTGAGCAGCACCGCTAGCGCCCTGGGCAAGCTGCAGGACGTGGTGAACCAGAACGCCCAGGCCCTGAACACCCTGGTGAAGCAGCTGAGCAGCAACTTCGGCGCCATCAGCAGCGTGCTGAACGACATCCTGAGCCGGCTGGACCCTCCCGAGGCCGAGGTGCAGATCGACCGGCTGATCACTGGCCGGCTGCAGAGCCTGCAGACCTACGTGACCCAGCAGCTGATCCGGGCCGCCGAGATTCGGGCCAGCGCCAACCTGGCCGCCACCAAGATGAGCGAGTGCGTGCTGGGCCAGAGCAAGCGGGTGGACTTCTGCGGCAAGGGCTACCACCTGATGAGCTTTCCCCAGAGCGCACCCCACGGAGTGGTGTTCCTGCACGTGACCTACGTGCCCGCCCAGGAGAAGAACTTCACCACCGCCCCAGCCATCTGCCACGACGGCAAGGCCCACTTTCCCCGGGAGGGCGTGTTCGTGAGCAACGGCACCCACTGGTTCGTGACCCAGCGGAACTTCTACGAGCCCCAGATCATCACCACCGACAACACCTTCGTGAGCGGCAACTGCGACGTGGTGATCGGCATCGTGAACAACACCGTGTACGATCCCCTGCAGCCCGAGCTGGACAGCTTCAAGGAGGAGCTGGACAAGTACTTCAAGAATCACACCAGCCCCGACGTGGACCTGGGCGACATCAGCGGCATCAACGCCAGCGTGGTGAACATCCAGAAGGAGATCGATCGGCTGAACGAGGTGGCCAAGAACCTGAACGAGAGCCTGATCGACCTGCAGGAGCTGGGCAAGTACGAGCAGTACATCAAGTGGCCCTGGTACATCTGGCTGGGCTTCATCGCCGGCCTGATCGCCATCGTGATGGTGACCATCATGCTGTGCTGCATGACCAGCTGCTGCAGCTGCCTGAAGGGCTGTTGCAGCTGCGGCAGCTGCTGCAAGTTCGACGAGGACGACAGCGAGCCCGTGCTGAAGGGCGTGAAGCTGCACTACACCTGATAATAG
D614G_spike_mod,AACCTGACCACCCGGACCCAGCTGCCACCAGCCTACACCAACAGCTTCACCCGGGGCGTCTACTACCCCGACAAGGTGTTCCGGAGCAGCGTCCTGCACAGCACCCAGGACCTGTTCCTGCCCTTCTTCAGCAACGTGACCTGGTTCCACGCCATCCACGTGAGCGGCACCAACGGCACCAAGCGGTTCGACAACCCCGTGCTGCCCTTCAACGACGGCGTGTACTTCGCCAGCACCGAGAAGAGCAACATCATCCGGGGCTGGATCTTCGGCACCACCCTGGACAGCAAGACCCAGAGCCTGCTGATCGTGAATAACGCCACCAACGTGGTGATCAAGGTGTGCGAGTTCCAGTTCTGCAACGACCCCTTCCTGGGCGTGTACTACCACAAGAACAACAAGAGCTGGATGGAGAGCGAGTTCCGGGTGTACAGCAGCGCCAACAACTGCACCTTCGAGTACGTGAGCCAGCCCTTCCTGATGGACCTGGAGGGCAAGCAGGGCAACTTCAAGAACCTGCGGGAGTTCGTGTTCAAGAACATCGACGGCTACTTCAAGATCTACAGCAAGCACACCCCAATCAACCTGGTGCGGGATCTGCCCCAGGGCTTCTCAGCCCTGGAGCCCCTGGTGGACCTGCCCATCGGCATCAACATCACCCGGTTCCAGACCCTGCTGGCCCTGCACCGGAGCTACCTGACCCCAGGCGACAGCAGCAGCGGGTGGACAGCAGGCGCGGCTGCTTACTACGTGGGCTACCTGCAGCCCCGGACCTTCCTGCTGAAGTACAACGAGAACGGCACCATCACCGACGCCGTGGACTGCGCCCTGGACCCTCTGAGCGAGACCAAGTGCACCCTGAAGAGCTTCACCGTGGAGAAGGGCATCTACCAGACCAGCAACTTCCGGGTGCAGCCCACCGAGAGCATCGTGCGGTTCCCCAACATCACCAACCTGTGCCCCTTCGGCGAGGTGTTCAACGCCACCCGGTTCGCCAGCGTGTACGCCTGGAACCGGAAGCGGATCAGCAACTGCGTGGCCGACTACAGCGTGCTGTACAACAGCGCCAGCTTCAGCACCTTCAAGTGCTACGGCGTGAGCCCCACCAAGCTGAACGACCTGTGCTTCACCAACGTGTACGCCGACAGCTTCGTGATCCGTGGCGACGAGGTGCGGCAGATCGCACCCGGCCAGACAGGCAAGATCGCCGACTACAACTACAAGCTGCCCGACGACTTCACCGGCTGCGTGATCGCCTGGAACAGCAACAACCTCGACAGCAAGGTGGGCGGCAACTACAACTACCTGTACCGGCTGTTCCGGAAGAGCAACCTGAAGCCCTTCGAGCGGGACATCAGCACCGAGATCTACCAAGCCGGCTCCACCCCTTGCAACGGCGTGGAGGGCTTCAACTGCTACTTCCCTCTGCAGAGCTACGGCTTCCAGCCCACCAACGGCGTGGGCTACCAGCCCTACCGGGTGGTGGTGCTGAGCTTCGAGCTGCTGCACGCCCCAGCCACCGTGTGTGGCCCCAAGAAGAGCACCAACCTGGTGAAGAACAAGTGCGTGAACTTCAACTTCAACGGCCTTACCGGCACCGGCGTGCTGACCGAGAGCAACAAGAAATTCCTGCCCTTTCAGCAGTTCGGCCGGGACATCGCCGACACCACCGACGCTGTGCGGGATCCCCAGACCCTGGAGATCCTGGACATCACCCCTTGCAGCTTCGGCGGCGTGAGCGTGATCACCCCAGGCACCAACACCAGCAACCAGGTGGCCGTGCTGTACCAGGACGTGAACTGCACCGAGGTGCCCGTGGCCATCCACGCCGGTCAGCTGACACCCACCTGGCGGGTCTACAGCACCGGCAGCAACGTGTTCCAGACCCGGGCCGGTTGCCTGATCGGCGCCGAGCACGTGAACAACAGCTACGAGTGCGACATCCCCATCGGCGCCGGCATCTGTGCCAGCTACCAGACCCAGACCAATTCACCCCGGAGGGCAAGGAGCGTGGCCAGCCAGAGCATCATCGCCTACACCATGAGCCTGGGCGCCGAGAACAGCGTGGCCTACAGCAACAACAGCATCGCCATCCCCACCAACTTCACCATCAGCGTGACCACCGAGATTCTGCCCGTGAGCATGACCAAGACCAGCGTGGACTGCACCATGTACATCTGCGGCGACAGCACCGAGTGCAGCAACCTGCTGCTGCAGTACGGCAGCTTCTGCACCCAGCTGAACCGGGCCCTGACCGGCATCGCCGTGGAGCAGGACAAGAACACCCAGGAGGTGTTCGCCCAGGTGAAGCAGATCTACAAGACCCCTCCCATCAAGGACTTCGGCGGCTTCAACTTCAGCCAGATCCTGCCCGACCCCAGCAAGCCCAGCAAGCGGAGCTTCATCGAGGACCTGCTGTTCAACAAGGTGACCCTAGCCGACGCCGGCTTCATCAAGCAGTACGGCGACTGCCTCGGCGACATAGCCGCCCGGGACCTGATCTGCGCCCAGAAGTTCAACGGCCTGACCGTGCTGCCTCCCCTGCTGACCGACGAGATGATCGCCCAGTACACCAGCGCCCTGTTAGCCGGAACCATCACCAGCGGCTGGACTTTCGGCGCTGGAGCCGCTCTGCAGATCCCCTTCGCCATGCAGATGGCCTACCGGTTCAACGGCATCGGCGTGACCCAGAACGTGCTGTACGAGAACCAGAAGCTGATCGCCAACCAGTTCAACAGCGCCATCGGCAAGATCCAGGACAGCCTGAGCAGCACCGCTAGCGCCCTGGGCAAGCTGCAGGACGTGGTGAACCAGAACGCCCAGGCCCTGAACACCCTGGTGAAGCAGCTGAGCAGCAACTTCGGCGCCATCAGCAGCGTGCTGAACGACATCCTGAGCCGGCTGGACCCTCCCGAGGCCGAGGTGCAGATCGACCGGCTGATCACTGGCCGGCTGCAGAGCCTGCAGACCTACGTGACCCAGCAGCTGATCCGGGCCGCCGAGATTCGGGCCAGCGCCAACCTGGCCGCCACCAAGATGAGCGAGTGCGTGCTGGGCCAGAGCAAGCGGGTGGACTTCTGCGGCAAGGGCTACCACCTGATGAGCTTTCCCCAGAGCGCACCCCACGGAGTGGTGTTCCTGCACGTGACCTACGTGCCCGCCCAGGAGAAGAACTTCACCACCGCCCCAGCCATCTGCCACGACGGCAAGGCCCACTTTCCCCGGGAGGGCGTGTTCGTGAGCAACGGCACCCACTGGTTCGTGACCCAGCGGAACTTCTACGAGCCCCAGATCATCACCACCGACAACACCTTCGTGAGCGGCAACTGCGACGTGGTGATCGGCATCGTGAACAACACCGTGTACGATCCCCTGCAGCCCGAGCTGGACAGCTTCAAGGAGGAGCTGGACAAGTACTTCAAGAATCACACCAGCCCCGACGTGGACCTGGGCGACATCAGCGGCATCAACGCCAGCGTGGTGAACATCCAGAAGGAGATCGATCGGCTGAACGAGGTGGCCAAGAACCTGAACGAGAGCCTGATCGACCTGCAGGAGCTGGGCAAGTACGAGCAGTACATCAAGTGGCCCTGGTACATCTGGCTGGGCTTCATCGCCGGCCTGATCGCCATCGTGATGGTGACCATCATGCTGTGCTGCATGACCAGCTGCTGCAGCTGCCTGAAGGGCTGTTGCAGCTGCGGCAGCTGCTGCAAGTTCGACGAGGACGACAGCGAGCCCGTGCTGAAGGGCGTGAAGCTGCACTACACCTGATAATAG
C323A_spike_mod,AACCTGACCACCCGGACCCAGCTGCCACCAGCCTACACCAACAGCTTCACCCGGGGCGTCTACTACCCCGACAAGGTGTTCCGGAGCAGCGTCCTGCACAGCACCCAGGACCTGTTCCTGCCCTTCTTCAGCAACGTGACCTGGTTCCACGCCATCCACGTGAGCGGCACCAACGGCACCAAGCGGTTCGACAACCCCGTGCTGCCCTTCAACGACGGCGTGTACTTCGCCAGCACCGAGAAGAGCAACATCATCCGGGGCTGGATCTTCGGCACCACCCTGGACAGCAAGACCCAGAGCCTGCTGATCGTGAATAACGCCACCAACGTGGTGATCAAGGTGTGCGAGTTCCAGTTCTGCAACGACCCCTTCCTGGGCGTGTACTACCACAAGAACAACAAGAGCTGGATGGAGAGCGAGTTCCGGGTGTACAGCAGCGCCAACAACTGCACCTTCGAGTACGTGAGCCAGCCCTTCCTGATGGACCTGGAGGGCAAGCAGGGCAACTTCAAGAACCTGCGGGAGTTCGTGTTCAAGAACATCGACGGCTACTTCAAGATCTACAGCAAGCACACCCCAATCAACCTGGTGCGGGATCTGCCCCAGGGCTTCTCAGCCCTGGAGCCCCTGGTGGACCTGCCCATCGGCATCAACATCACCCGGTTCCAGACCCTGCTGGCCCTGCACCGGAGCTACCTGACCCCAGGCGACAGCAGCAGCGGGTGGACAGCAGGCGCGGCTGCTTACTACGTGGGCTACCTGCAGCCCCGGACCTTCCTGCTGAAGTACAACGAGAACGGCACCATCACCGACGCCGTGGACTGCGCCCTGGACCCTCTGAGCGAGACCAAGTGCACCCTGAAGAGCTTCACCGTGGAGAAGGGCATCTACCAGACCAGCAACTTCCGGGTGCAGCCCACCGAGAGCATCGTGCGGTTCCCCAACATCACCAACCTGGCCCCCTTCGGCGAGGTGTTCAACGCCACCCGGTTCGCCAGCGTGTACGCCTGGAACCGGAAGCGGATCAGCAACTGCGTGGCCGACTACAGCGTGCTGTACAACAGCGCCAGCTTCAGCACCTTCAAGTGCTACGGCGTGAGCCCCACCAAGCTGAACGACCTGTGCTTCACCAACGTGTACGCCGACAGCTTCGTGATCCGTGGCGACGAGGTGCGGCAGATCGCACCCGGCCAGACAGGCAAGATCGCCGACTACAACTACAAGCTGCCCGACGACTTCACCGGCTGCGTGATCGCCTGGAACAGCAACAACCTCGACAGCAAGGTGGGCGGCAACTACAACTACCTGTACCGGCTGTTCCGGAAGAGCAACCTGAAGCCCTTCGAGCGGGACATCAGCACCGAGATCTACCAAGCCGGCTCCACCCCTTGCAACGGCGTGGAGGGCTTCAACTGCTACTTCCCTCTGCAGAGCTACGGCTTCCAGCCCACCAACGGCGTGGGCTACCAGCCCTACCGGGTGGTGGTGCTGAGCTTCGAGCTGCTGCACGCCCCAGCCACCGTGTGTGGCCCCAAGAAGAGCACCAACCTGGTGAAGAACAAGTGCGTGAACTTCAACTTCAACGGCCTTACCGGCACCGGCGTGCTGACCGAGAGCAACAAGAAATTCCTGCCCTTTCAGCAGTTCGGCCGGGACATCGCCGACACCACCGACGCTGTGCGGGATCCCCAGACCCTGGAGATCCTGGACATCACCCCTTGCAGCTTCGGCGGCGTGAGCGTGATCACCCCAGGCACCAACACCAGCAACCAGGTGGCCGTGCTGTACCAGGACGTGAACTGCACCGAGGTGCCCGTGGCCATCCACGCCGACCAGCTGACACCCACCTGGCGGGTCTACAGCACCGGCAGCAACGTGTTCCAGACCCGGGCCGGTTGCCTGATCGGCGCCGAGCACGTGAACAACAGCTACGAGTGCGACATCCCCATCGGCGCCGGCATCTGTGCCAGCTACCAGACCCAGACCAATTCACCCCGGAGGGCAAGGAGCGTGGCCAGCCAGAGCATCATCGCCTACACCATGAGCCTGGGCGCCGAGAACAGCGTGGCCTACAGCAACAACAGCATCGCCATCCCCACCAACTTCACCATCAGCGTGACCACCGAGATTCTGCCCGTGAGCATGACCAAGACCAGCGTGGACTGCACCATGTACATCTGCGGCGACAGCACCGAGTGCAGCAACCTGCTGCTGCAGTACGGCAGCTTCTGCACCCAGCTGAACCGGGCCCTGACCGGCATCGCCGTGGAGCAGGACAAGAACACCCAGGAGGTGTTCGCCCAGGTGAAGCAGATCTACAAGACCCCTCCCATCAAGGACTTCGGCGGCTTCAACTTCAGCCAGATCCTGCCCGACCCCAGCAAGCCCAGCAAGCGGAGCTTCATCGAGGACCTGCTGTTCAACAAGGTGACCCTAGCCGACGCCGGCTTCATCAAGCAGTACGGCGACTGCCTCGGCGACATAGCCGCCCGGGACCTGATCTGCGCCCAGAAGTTCAACGGCCTGACCGTGCTGCCTCCCCTGCTGACCGACGAGATGATCGCCCAGTACACCAGCGCCCTGTTAGCCGGAACCATCACCAGCGGCTGGACTTTCGGCGCTGGAGCCGCTCTGCAGATCCCCTTCGCCATGCAGATGGCCTACCGGTTCAACGGCATCGGCGTGACCCAGAACGTGCTGTACGAGAACCAGAAGCTGATCGCCAACCAGTTCAACAGCGCCATCGGCAAGATCCAGGACAGCCTGAGCAGCACCGCTAGCGCCCTGGGCAAGCTGCAGGACGTGGTGAACCAGAACGCCCAGGCCCTGAACACCCTGGTGAAGCAGCTGAGCAGCAACTTCGGCGCCATCAGCAGCGTGCTGAACGACATCCTGAGCCGGCTGGACCCTCCCGAGGCCGAGGTGCAGATCGACCGGCTGATCACTGGCCGGCTGCAGAGCCTGCAGACCTACGTGACCCAGCAGCTGATCCGGGCCGCCGAGATTCGGGCCAGCGCCAACCTGGCCGCCACCAAGATGAGCGAGTGCGTGCTGGGCCAGAGCAAGCGGGTGGACTTCTGCGGCAAGGGCTACCACCTGATGAGCTTTCCCCAGAGCGCACCCCACGGAGTGGTGTTCCTGCACGTGACCTACGTGCCCGCCCAGGAGAAGAACTTCACCACCGCCCCAGCCATCTGCCACGACGGCAAGGCCCACTTTCCCCGGGAGGGCGTGTTCGTGAGCAACGGCACCCACTGGTTCGTGACCCAGCGGAACTTCTACGAGCCCCAGATCATCACCACCGACAACACCTTCGTGAGCGGCAACTGCGACGTGGTGATCGGCATCGTGAACAACACCGTGTACGATCCCCTGCAGCCCGAGCTGGACAGCTTCAAGGAGGAGCTGGACAAGTACTTCAAGAATCACACCAGCCCCGACGTGGACCTGGGCGACATCAGCGGCATCAACGCCAGCGTGGTGAACATCCAGAAGGAGATCGATCGGCTGAACGAGGTGGCCAAGAACCTGAACGAGAGCCTGATCGACCTGCAGGAGCTGGGCAAGTACGAGCAGTACATCAAGTGGCCCTGGTACATCTGGCTGGGCTTCATCGCCGGCCTGATCGCCATCGTGATGGTGACCATCATGCTGTGCTGCATGACCAGCTGCTGCAGCTGCCTGAAGGGCTGTTGCAGCTGCGGCAGCTGCTGCAAGTTCGACGAGGACGACAGCGAGCCCGTGCTGAAGGGCGTGAAGCTGCACTACACCTGATAATAG
E452A_spike_mod,AACCTGACCACCCGGACCCAGCTGCCACCAGCCTACACCAACAGCTTCACCCGGGGCGTCTACTACCCCGACAAGGTGTTCCGGAGCAGCGTCCTGCACAGCACCCAGGACCTGTTCCTGCCCTTCTTCAGCAACGTGACCTGGTTCCACGCCATCCACGTGAGCGGCACCAACGGCACCAAGCGGTTCGACAACCCCGTGCTGCCCTTCAACGACGGCGTGTACTTCGCCAGCACCGAGAAGAGCAACATCATCCGGGGCTGGATCTTCGGCACCACCCTGGACAGCAAGACCCAGAGCCTGCTGATCGTGAATAACGCCACCAACGTGGTGATCAAGGTGTGCGAGTTCCAGTTCTGCAACGACCCCTTCCTGGGCGTGTACTACCACAAGAACAACAAGAGCTGGATGGAGAGCGAGTTCCGGGTGTACAGCAGCGCCAACAACTGCACCTTCGAGTACGTGAGCCAGCCCTTCCTGATGGACCTGGAGGGCAAGCAGGGCAACTTCAAGAACCTGCGGGAGTTCGTGTTCAAGAACATCGACGGCTACTTCAAGATCTACAGCAAGCACACCCCAATCAACCTGGTGCGGGATCTGCCCCAGGGCTTCTCAGCCCTGGAGCCCCTGGTGGACCTGCCCATCGGCATCAACATCACCCGGTTCCAGACCCTGCTGGCCCTGCACCGGAGCTACCTGACCCCAGGCGACAGCAGCAGCGGGTGGACAGCAGGCGCGGCTGCTTACTACGTGGGCTACCTGCAGCCCCGGACCTTCCTGCTGAAGTACAACGAGAACGGCACCATCACCGACGCCGTGGACTGCGCCCTGGACCCTCTGAGCGAGACCAAGTGCACCCTGAAGAGCTTCACCGTGGAGAAGGGCATCTACCAGACCAGCAACTTCCGGGTGCAGCCCACCGAGAGCATCGTGCGGTTCCCCAACATCACCAACCTGTGCCCCTTCGGCGAGGTGTTCAACGCCACCCGGTTCGCCAGCGTGTACGCCTGGAACCGGAAGCGGATCAGCAACTGCGTGGCCGACTACAGCGTGCTGTACAACAGCGCCAGCTTCAGCACCTTCAAGTGCTACGGCGTGAGCCCCACCAAGCTGAACGACCTGTGCTTCACCAACGTGTACGCCGACAGCTTCGTGATCCGTGGCGACGAGGTGCGGCAGATCGCACCCGGCCAGACAGGCAAGATCGCCGACTACAACTACAAGCTGCCCGACGACTTCACCGGCTGCGTGATCGCCTGGAACAGCAACAACCTCGACAGCAAGGTGGGCGGCAACTACAACTACCTGTACCGGCTGTTCCGGAAGAGCAACCTGAAGCCCTTCGCGCGGGACATCAGCACCGAGATCTACCAAGCCGGCTCCACCCCTTGCAACGGCGTGGAGGGCTTCAACTGCTACTTCCCTCTGCAGAGCTACGGCTTCCAGCCCACCAACGGCGTGGGCTACCAGCCCTACCGGGTGGTGGTGCTGAGCTTCGAGCTGCTGCACGCCCCAGCCACCGTGTGTGGCCCCAAGAAGAGCACCAACCTGGTGAAGAACAAGTGCGTGAACTTCAACTTCAACGGCCTTACCGGCACCGGCGTGCTGACCGAGAGCAACAAGAAATTCCTGCCCTTTCAGCAGTTCGGCCGGGACATCGCCGACACCACCGACGCTGTGCGGGATCCCCAGACCCTGGAGATCCTGGACATCACCCCTTGCAGCTTCGGCGGCGTGAGCGTGATCACCCCAGGCACCAACACCAGCAACCAGGTGGCCGTGCTGTACCAGGACGTGAACTGCACCGAGGTGCCCGTGGCCATCCACGCCGACCAGCTGACACCCACCTGGCGGGTCTACAGCACCGGCAGCAACGTGTTCCAGACCCGGGCCGGTTGCCTGATCGGCGCCGAGCACGTGAACAACAGCTACGAGTGCGACATCCCCATCGGCGCCGGCATCTGTGCCAGCTACCAGACCCAGACCAATTCACCCCGGAGGGCAAGGAGCGTGGCCAGCCAGAGCATCATCGCCTACACCATGAGCCTGGGCGCCGAGAACAGCGTGGCCTACAGCAACAACAGCATCGCCATCCCCACCAACTTCACCATCAGCGTGACCACCGAGATTCTGCCCGTGAGCATGACCAAGACCAGCGTGGACTGCACCATGTACATCTGCGGCGACAGCACCGAGTGCAGCAACCTGCTGCTGCAGTACGGCAGCTTCTGCACCCAGCTGAACCGGGCCCTGACCGGCATCGCCGTGGAGCAGGACAAGAACACCCAGGAGGTGTTCGCCCAGGTGAAGCAGATCTACAAGACCCCTCCCATCAAGGACTTCGGCGGCTTCAACTTCAGCCAGATCCTGCCCGACCCCAGCAAGCCCAGCAAGCGGAGCTTCATCGAGGACCTGCTGTTCAACAAGGTGACCCTAGCCGACGCCGGCTTCATCAAGCAGTACGGCGACTGCCTCGGCGACATAGCCGCCCGGGACCTGATCTGCGCCCAGAAGTTCAACGGCCTGACCGTGCTGCCTCCCCTGCTGACCGACGAGATGATCGCCCAGTACACCAGCGCCCTGTTAGCCGGAACCATCACCAGCGGCTGGACTTTCGGCGCTGGAGCCGCTCTGCAGATCCCCTTCGCCATGCAGATGGCCTACCGGTTCAACGGCATCGGCGTGACCCAGAACGTGCTGTACGAGAACCAGAAGCTGATCGCCAACCAGTTCAACAGCGCCATCGGCAAGATCCAGGACAGCCTGAGCAGCACCGCTAGCGCCCTGGGCAAGCTGCAGGACGTGGTGAACCAGAACGCCCAGGCCCTGAACACCCTGGTGAAGCAGCTGAGCAGCAACTTCGGCGCCATCAGCAGCGTGCTGAACGACATCCTGAGCCGGCTGGACCCTCCCGAGGCCGAGGTGCAGATCGACCGGCTGATCACTGGCCGGCTGCAGAGCCTGCAGACCTACGTGACCCAGCAGCTGATCCGGGCCGCCGAGATTCGGGCCAGCGCCAACCTGGCCGCCACCAAGATGAGCGAGTGCGTGCTGGGCCAGAGCAAGCGGGTGGACTTCTGCGGCAAGGGCTACCACCTGATGAGCTTTCCCCAGAGCGCACCCCACGGAGTGGTGTTCCTGCACGTGACCTACGTGCCCGCCCAGGAGAAGAACTTCACCACCGCCCCAGCCATCTGCCACGACGGCAAGGCCCACTTTCCCCGGGAGGGCGTGTTCGTGAGCAACGGCACCCACTGGTTCGTGACCCAGCGGAACTTCTACGAGCCCCAGATCATCACCACCGACAACACCTTCGTGAGCGGCAACTGCGACGTGGTGATCGGCATCGTGAACAACACCGTGTACGATCCCCTGCAGCCCGAGCTGGACAGCTTCAAGGAGGAGCTGGACAAGTACTTCAAGAATCACACCAGCCCCGACGTGGACCTGGGCGACATCAGCGGCATCAACGCCAGCGTGGTGAACATCCAGAAGGAGATCGATCGGCTGAACGAGGTGGCCAAGAACCTGAACGAGAGCCTGATCGACCTGCAGGAGCTGGGCAAGTACGAGCAGTACATCAAGTGGCCCTGGTACATCTGGCTGGGCTTCATCGCCGGCCTGATCGCCATCGTGATGGTGACCATCATGCTGTGCTGCATGACCAGCTGCTGCAGCTGCCTGAAGGGCTGTTGCAGCTGCGGCAGCTGCTGCAAGTTCGACGAGGACGACAGCGAGCCCGTGCTGAAGGGCGTGAAGCTGCACTACACCTGATAATAG
